dataset,training_seed,calibration_seed,corruption,int8_clean_ap,int8_corrupt_ap,fp8_clean_ap,fp8_corrupt_ap,d_int8_native_ap,d_fp8_native_ap,delta_e_native_ap,delta_e_ap_points,int8_clean_metric_sha256,int8_corrupt_metric_sha256,fp8_clean_metric_sha256,fp8_corrupt_metric_sha256
voc,20260807,20260807,gaussian_noise,0.6665887208080649,0.3173433909174245,0.6835575000487126,0.3210239882552484,0.3492453298906404,0.3625335117934642,-0.013288181902823826,-1.3288181902823826,cc485d37840f63ecf3d33577fdddd67294266876dce990c11c1b10d5f3afd256,657cc7bd3c8084b5e7c909cdb0d231499f4b05e01e9f6067f34ed80a4bfbcecf,9e9ab7fe6fa4b3080a6fce729f85b980e56cc97c3dff0e6c9558886039bca5cc,9cabfb1062c9f71faa281df055853c6dff5fc1a0e2ce0a2a4ab22937c0833688
voc,20260807,20260807,motion_blur,0.6665887208080649,0.05911413305212551,0.6835575000487126,0.06519056691185628,0.6074745877559393,0.6183669331368563,-0.01089234538091699,-1.089234538091699,cc485d37840f63ecf3d33577fdddd67294266876dce990c11c1b10d5f3afd256,789135c363ee3ae759b54a5dc0b34b92364c8d6a6debbddb0b227de49ea34ad0,9e9ab7fe6fa4b3080a6fce729f85b980e56cc97c3dff0e6c9558886039bca5cc,b175ba9793cc55392db4b7c476307603b5188d4f8eb5f802128bbfdc1a465c95
voc,20260807,20260807,fog,0.6665887208080649,0.6459524014226197,0.6835575000487126,0.6619631930293591,0.02063631938544519,0.021594307019353498,-0.0009579876339083082,-0.09579876339083082,cc485d37840f63ecf3d33577fdddd67294266876dce990c11c1b10d5f3afd256,62de7a241a78c133cfd0c1e6948f392aa8d572c7d1705401c817e188bf833c7f,9e9ab7fe6fa4b3080a6fce729f85b980e56cc97c3dff0e6c9558886039bca5cc,006ecba1adb5e630b2c3d1f1c32190fee5883f41d31887678d4c9e2146d4eed9
voc,20260807,20260807,jpeg,0.6665887208080649,0.4561331435763839,0.6835575000487126,0.44580509113527844,0.21045557723168096,0.2377524089134342,-0.02729683168175323,-2.729683168175323,cc485d37840f63ecf3d33577fdddd67294266876dce990c11c1b10d5f3afd256,6a7db0bda7030ceea4b0d76b5b0fb2d7815aa8c3bc603a1a2a096fabb9abe7cc,9e9ab7fe6fa4b3080a6fce729f85b980e56cc97c3dff0e6c9558886039bca5cc,acc9cb1bd24e6e768d0d2157494e831ea6b793f084d14e39d4ca10d85f888a69
voc,20260807,20260813,gaussian_noise,0.6551901628127009,0.3267935751434861,0.6839770493791092,0.3164045930587299,0.3283965876692148,0.36757245632037927,-0.03917586865116446,-3.917586865116446,c1bcc73a4d9522912a8346abfd10370b1c655745da58c2c7569cb4e05ef3ef96,aecd35ec6eb2b57f761f4818f91eab4f2c48d205e232624e4d6f03e72c4bb9d0,ee06ead1e9a5d9b61cc25d9341c1fbabc26300aeec1933a40ae5dd3f06644404,491033a32b21f1a7e636339123b39190e0045d36403993d8e6e9b6dcbe09f21d
voc,20260807,20260813,motion_blur,0.6551901628127009,0.06005900632106655,0.6839770493791092,0.06436385908089337,0.5951311564916344,0.6196131902982158,-0.024482033806581427,-2.4482033806581427,c1bcc73a4d9522912a8346abfd10370b1c655745da58c2c7569cb4e05ef3ef96,1cf60de097eee6a205f4684c69a57b919e698fb069b6717c2fbe384e3e294358,ee06ead1e9a5d9b61cc25d9341c1fbabc26300aeec1933a40ae5dd3f06644404,0d524cd756d58f751db56d85c2e6257fee78f0bb26d3729cbca5c06c5f2363ca
voc,20260807,20260813,fog,0.6551901628127009,0.6354547840026818,0.6839770493791092,0.6609406052384541,0.019735378810019077,0.023036444140655088,-0.0033010653306360105,-0.33010653306360105,c1bcc73a4d9522912a8346abfd10370b1c655745da58c2c7569cb4e05ef3ef96,0688a5ea3bf98d01d59bd92291cd058a01b66372423851e7a89410569b4eb8b7,ee06ead1e9a5d9b61cc25d9341c1fbabc26300aeec1933a40ae5dd3f06644404,5f5e1571508458b2ed25662cccc6cf8e2979a298de82ce6880d947bd0ae8fffe
voc,20260807,20260813,jpeg,0.6551901628127009,0.4523438612339182,0.6839770493791092,0.4472663980373225,0.20284630157878275,0.2367106513417867,-0.033864349763003954,-3.3864349763003956,c1bcc73a4d9522912a8346abfd10370b1c655745da58c2c7569cb4e05ef3ef96,78a19788ce06b1b9a6dbe471f653bf088a0ebbc3c08cb0326b29cb8dbc7bf7b9,ee06ead1e9a5d9b61cc25d9341c1fbabc26300aeec1933a40ae5dd3f06644404,eab0173faf2a78c42b3e5a2b454c467f604ac585c209f797c6d037cf03f853a1
voc,20260807,20260814,gaussian_noise,0.6626732430654941,0.3022248105054826,0.6841924826008285,0.3187628487281945,0.3604484325600115,0.36542963387263405,-0.00498120131262253,-0.49812013126225296,8ba0749a2b65a0497cc7ba3933af57acd344376162093f367f7c00ae672c19b2,d66e7e7b8933213b222f24d7043d3881e2bb5ccbd84c5db98cdfa487f1666a5d,1d94e5ce0758da5ce688644807b0d5f7ad29be5742ec09a10862baf01b40d204,e0c4b5557b4e97302212470a820e5b18ab75146afda6973034706260dfc3f386
voc,20260807,20260814,motion_blur,0.6626732430654941,0.054806495570671715,0.6841924826008285,0.06337623133511715,0.6078667474948224,0.6208162512657114,-0.012949503770888993,-1.2949503770888993,8ba0749a2b65a0497cc7ba3933af57acd344376162093f367f7c00ae672c19b2,15e8ae4310d85922bec5249dc53c3e6716c8d1968d2b39b9b420622f90d139fc,1d94e5ce0758da5ce688644807b0d5f7ad29be5742ec09a10862baf01b40d204,e9a8e1526ea08df53ea02f51ebb7698fe7a9b9b829416b8b6f6e45b200bbaae6
voc,20260807,20260814,fog,0.6626732430654941,0.6403632158716531,0.6841924826008285,0.6618278944034108,0.02231002719384101,0.022364588197417712,-5.4561003576703015e-05,-0.0054561003576703015,8ba0749a2b65a0497cc7ba3933af57acd344376162093f367f7c00ae672c19b2,815d57a2d75621e73fd30aa77e620a7ce2b9cb2ccc721f43aa82372f18ed8289,1d94e5ce0758da5ce688644807b0d5f7ad29be5742ec09a10862baf01b40d204,234ca7695f16f963b95cf42eaa7e027a1f0c13e2330671a86232fd21cd19f519
voc,20260807,20260814,jpeg,0.6626732430654941,0.43471307591509595,0.6841924826008285,0.44468615246937393,0.22796016715039819,0.23950633013145461,-0.01154616298105643,-1.154616298105643,8ba0749a2b65a0497cc7ba3933af57acd344376162093f367f7c00ae672c19b2,9d4d3c1ed88de4978a1b164135d3af9f9833f63635927ef2151e61c308803d75,1d94e5ce0758da5ce688644807b0d5f7ad29be5742ec09a10862baf01b40d204,c56f3a9976307a2cec0a2ab7111c7e8dd4c3fc2e495318cb6232eabad2dafb8c
voc,20260813,20260807,gaussian_noise,0.6460427518938546,0.33469549056873427,0.6804209348902319,0.321157969267051,0.31134726132512036,0.35926296562318094,-0.04791570429806058,-4.7915704298060575,1e4916345502a910a86ef3dd851d892b8f04e241ef0ab0ff7eb41c29b4e940a2,8dd1553cb8ed163f6ac1532547c66b3ad2c2a18b852f8098c4cc7b225e3b802a,4de11e2a55a7b4a8b4d5288b6d6d9d3ca75487689659c880538cdd2bccfeb007,405bc52b3c34298944e4544fff49a2131ca6bec6518ace66ed83a78853fb6ce7
voc,20260813,20260807,motion_blur,0.6460427518938546,0.05139520751094787,0.6804209348902319,0.06339146645486106,0.5946475443829068,0.6170294684353709,-0.022381924052464086,-2.2381924052464086,1e4916345502a910a86ef3dd851d892b8f04e241ef0ab0ff7eb41c29b4e940a2,3bc43f02c58a6f18ddabca0bba7bcea77746941327ee966f421baddcc31a4ef0,4de11e2a55a7b4a8b4d5288b6d6d9d3ca75487689659c880538cdd2bccfeb007,09b4700115505907c82c26eb8b68204e6e4f205970a1e1918c3bc98e7680e2ec
voc,20260813,20260807,fog,0.6460427518938546,0.6264213411700464,0.6804209348902319,0.6628141744016082,0.019621410723808186,0.01760676048862375,0.002014650235184434,0.20146502351844342,1e4916345502a910a86ef3dd851d892b8f04e241ef0ab0ff7eb41c29b4e940a2,98eb29a2d16d2f441a2d3aafd0e4edc6c0dfc91848917359b6daa2664763a292,4de11e2a55a7b4a8b4d5288b6d6d9d3ca75487689659c880538cdd2bccfeb007,2f4d221fbbec22b4f9bd9f6130b3bc01e5909c4884d0d5e7562d4718fc94bce5
voc,20260813,20260807,jpeg,0.6460427518938546,0.46311895147328097,0.6804209348902319,0.4680835911344779,0.18292380042057366,0.21233734375575403,-0.02941354333518037,-2.9413543335180368,1e4916345502a910a86ef3dd851d892b8f04e241ef0ab0ff7eb41c29b4e940a2,63406c6b82b07744734e5a012f48b5876428fec9750ae12ab11eba57aa00c4a7,4de11e2a55a7b4a8b4d5288b6d6d9d3ca75487689659c880538cdd2bccfeb007,446c37d59be971a6c4f0de3e763a4a576fd3e00c93e764c0edc0bd6eebeb715f
voc,20260813,20260813,gaussian_noise,0.6662618078456923,0.3166733460019811,0.6783819965391867,0.31995179073699487,0.34958846184371123,0.35843020580219187,-0.008841743958480641,-0.8841743958480641,92551dcdc96f26c655993460a98aeacd0f5ab42d96f3873f0e328e32582f6662,199b6a0534e47852861786f29fb9cfc0dc8f53b8e5f5bce00e6759bade33e061,e0229c58a8b580607a52a4464db15bd534c77b328e746e7384d10d9bb1e33ccf,3df390c5bbd42b41d0a16a53c8bc9372dd4cd42a48708642a1492676860974dc
voc,20260813,20260813,motion_blur,0.6662618078456923,0.056583994489167504,0.6783819965391867,0.06390241544412785,0.6096778133565248,0.6144795810950588,-0.004801767738534024,-0.4801767738534024,92551dcdc96f26c655993460a98aeacd0f5ab42d96f3873f0e328e32582f6662,da261e10d0b918ec0fb7019a86dd479a23d9ec638418bc79becac493793c905e,e0229c58a8b580607a52a4464db15bd534c77b328e746e7384d10d9bb1e33ccf,dd6228648e4b2a75986e2a7f76e64494bec02dd2e52b6e4e23b2a112b88bd50e
voc,20260813,20260813,fog,0.6662618078456923,0.6492131851703133,0.6783819965391867,0.6610373860941434,0.017048622675378988,0.017344610445043318,-0.0002959877696643298,-0.029598776966432983,92551dcdc96f26c655993460a98aeacd0f5ab42d96f3873f0e328e32582f6662,04511ba11d7f9234fc798c447382549797fc4b5b525cdb7a96227cd076ddc7c6,e0229c58a8b580607a52a4464db15bd534c77b328e746e7384d10d9bb1e33ccf,43d13292fca5b360532de768c0eced5cd85d2d099bf198e6ce36bd74459c6616
voc,20260813,20260813,jpeg,0.6662618078456923,0.4769413043024117,0.6783819965391867,0.47019861739724234,0.18932050354328062,0.2081833791419444,-0.018862875598663786,-1.8862875598663786,92551dcdc96f26c655993460a98aeacd0f5ab42d96f3873f0e328e32582f6662,ee6120e310308c9cb2f86509ab2f2e16e3a04e1f05cdb53eebbc2addf6e1919c,e0229c58a8b580607a52a4464db15bd534c77b328e746e7384d10d9bb1e33ccf,857a74649a179b972038593d0a24485c03134895a5766f1c484450c5756f889b
voc,20260813,20260814,gaussian_noise,0.6622770634096314,0.31916296137826833,0.6798078577627207,0.3226330375493914,0.3431141020313631,0.3571748202133293,-0.014060718181966192,-1.4060718181966192,6c97760ff13072a21043b0e209369b83fac8b81b45a0906ba4b5f7856b779a2c,3bf7e43813daa401f8d491c61b4eefd675bfb6469c1fef8c2dce0cc3ba6785f7,ef3b8d870632f543d8267994c60a7d80d2ddaa59df47be95426d93a28afe2ea5,3cf119f518616d44c900dd93d35dff195d0e7d65e582cd117d8badf5f9b2c005
voc,20260813,20260814,motion_blur,0.6622770634096314,0.05700786066039049,0.6798078577627207,0.06497519346547949,0.6052692027492409,0.6148326642972411,-0.009563461548000252,-0.9563461548000252,6c97760ff13072a21043b0e209369b83fac8b81b45a0906ba4b5f7856b779a2c,d13b463b7341b864ebf384f79663975c3ae8c9b3bcf0a466100b4c8f65448f5e,ef3b8d870632f543d8267994c60a7d80d2ddaa59df47be95426d93a28afe2ea5,23bd57309c9e42599b50de9332f51f2d1474fb49c6aee517fe5fa7d22f53d6ff
voc,20260813,20260814,fog,0.6622770634096314,0.6480431179107481,0.6798078577627207,0.6615697938639428,0.01423394549888335,0.018238063898777912,-0.004004118399894563,-0.4004118399894563,6c97760ff13072a21043b0e209369b83fac8b81b45a0906ba4b5f7856b779a2c,ccb66fd949f854e0297d4d9344a2db094f35020571118e0d1488bf2c3649776a,ef3b8d870632f543d8267994c60a7d80d2ddaa59df47be95426d93a28afe2ea5,a7753fa7670c038324fd37139022a2840520e51dab199c36be7500ea03733698
voc,20260813,20260814,jpeg,0.6622770634096314,0.4603445852754513,0.6798078577627207,0.4705470831783431,0.20193247813418014,0.20926077458437758,-0.007328296450197447,-0.7328296450197447,6c97760ff13072a21043b0e209369b83fac8b81b45a0906ba4b5f7856b779a2c,47b8a74eb3d19160b87da410a7b4a2d8766adead920a7c86ade00041349128db,ef3b8d870632f543d8267994c60a7d80d2ddaa59df47be95426d93a28afe2ea5,0fac3e07078981e3442c14e73b0a1fc312a5946bae06e649d0104bc6c5d60c9a
voc,20260814,20260807,gaussian_noise,0.6631271631867297,0.28790521657086715,0.681690122993667,0.30885196939491205,0.37522194661586256,0.372838153598755,0.0023837930171075605,0.23837930171075605,a4d182a4916b723251d13bc09ccd3e5fd9d3833730bc34cebc6fbe664b495812,0f43fedd3b71bf310f44394ef9cc83b33ab8b89dfe7de7bc6845b8d534ee73e3,56c7c3b29989793415e33bc42492b94afd9d43160ed1470d60c10047cd7c5db0,9a7d948c98a49154244a5093e65420524f94a9026d2dcd73f22e2f8819415a8d
voc,20260814,20260807,motion_blur,0.6631271631867297,0.04311887605334859,0.681690122993667,0.06081779210298445,0.6200082871333811,0.6208723308906826,-0.0008640437573015358,-0.08640437573015358,a4d182a4916b723251d13bc09ccd3e5fd9d3833730bc34cebc6fbe664b495812,11bef0653350b443a8da3bab2566dad50cb0472615f63c26ca4716c926c0aca6,56c7c3b29989793415e33bc42492b94afd9d43160ed1470d60c10047cd7c5db0,82dd4ac833da6a1ae60ddcce7ec36b2e83681e0bc7405e4c4d857dac05d05fc4
voc,20260814,20260807,fog,0.6631271631867297,0.6359510511504849,0.681690122993667,0.6620522469476932,0.027176112036244815,0.01963787604597389,0.007538235990270925,0.7538235990270925,a4d182a4916b723251d13bc09ccd3e5fd9d3833730bc34cebc6fbe664b495812,ecd789a93a4cc394f9679abe0f4b331b5988f03890a15cfd2fe46e2b564510da,56c7c3b29989793415e33bc42492b94afd9d43160ed1470d60c10047cd7c5db0,6c92b1b6b733cadcc65d9adeefd86cda0868f630b6bdc7c91410c988a6d66d9a
voc,20260814,20260807,jpeg,0.6631271631867297,0.48677526614954314,0.681690122993667,0.4818507662331867,0.17635189703718657,0.19983935676048037,-0.023487459723293802,-2.34874597232938,a4d182a4916b723251d13bc09ccd3e5fd9d3833730bc34cebc6fbe664b495812,f8981d0be9652313eb8af477c16cf6f276839559d329694e85150ffcd9723528,56c7c3b29989793415e33bc42492b94afd9d43160ed1470d60c10047cd7c5db0,b98b7da1f628ffc2ed4609db8514a19488781236cda7e85f7fac598391912ac0
voc,20260814,20260813,gaussian_noise,0.6542117692162418,0.2984162701631528,0.681689048927519,0.30805154477225105,0.355795499053089,0.373637504155268,-0.01784200510217898,-1.7842005102178982,45f48ab9bb44e32b42a18c9be5eaa8f3ad8cb3486566da7cad6c0b1c5d9afdef,119052f9931da83f6882cc2937bb63b258dca5d036f75fc824f3a4e712b8fe69,7e50781ae346950f691c5edf045f980d71f0f8d120a8cb5c9bbe3355d30802ed,7647b412c69d11aff322e80ffdb38ea85a33869888a07b9bfca47956187994a1
voc,20260814,20260813,motion_blur,0.6542117692162418,0.055111299492881786,0.681689048927519,0.05988041180624848,0.5991004697233601,0.6218086371212705,-0.022708167397910484,-2.2708167397910484,45f48ab9bb44e32b42a18c9be5eaa8f3ad8cb3486566da7cad6c0b1c5d9afdef,d63c2e1b7d106d1ae027d63f9c8af379a79701e1af2f7d1b9b2d8ef3fdfcd347,7e50781ae346950f691c5edf045f980d71f0f8d120a8cb5c9bbe3355d30802ed,0801a7a6967e04ad28692e8886df691d1155e53cdd72d4e3629cc7361e645a47
voc,20260814,20260813,fog,0.6542117692162418,0.6332279624901928,0.681689048927519,0.6613207282588548,0.020983806726049048,0.02036832066866423,0.0006154860573848175,0.061548605738481754,45f48ab9bb44e32b42a18c9be5eaa8f3ad8cb3486566da7cad6c0b1c5d9afdef,271a5debcf8e89dc16824747ce62ba64704dce24b06bc59108b686a8bd218735,7e50781ae346950f691c5edf045f980d71f0f8d120a8cb5c9bbe3355d30802ed,9123d46902ec20a980b9569aebb7cb81f4b5f42e4b8d72b3d076403dbda77904
voc,20260814,20260813,jpeg,0.6542117692162418,0.47864008256027457,0.681689048927519,0.4826422403779165,0.17557168665596723,0.19904680854960255,-0.02347512189363532,-2.347512189363532,45f48ab9bb44e32b42a18c9be5eaa8f3ad8cb3486566da7cad6c0b1c5d9afdef,b9b1be49f637f2ac1ff0e1f521895d9721e7930671e65c07948a8e0dce43d234,7e50781ae346950f691c5edf045f980d71f0f8d120a8cb5c9bbe3355d30802ed,1e6ec1b30deb744d41ef185965be1ba7ee72abbfddf5604015fe68fd700468b8
voc,20260814,20260814,gaussian_noise,0.6722014263035205,0.2917173246283318,0.6808941631322105,0.3096830863438374,0.38048410167518876,0.3712110767883731,0.00927302488681564,0.927302488681564,ddb6cb2b16f6cb8ed75df78ea47284ff6201649ee577134861f3189190b9fe0f,d247b2b8709eb64315e2380772dd60dbc6e11031954308157c82662364c468d7,e063ac8e077a67a8df1485cb678b2306466ea93c2089af1874be29c3e20a0fb4,c70c7a2f3f114f26cf91e622d828ebc0e27a15bc759f730892a4d1e9264c3a59
voc,20260814,20260814,motion_blur,0.6722014263035205,0.05509635893965519,0.6808941631322105,0.0594318973387034,0.6171050673638654,0.6214622657935072,-0.004357198429641773,-0.4357198429641773,ddb6cb2b16f6cb8ed75df78ea47284ff6201649ee577134861f3189190b9fe0f,21eb823132b39cb97a99d23931e00c703bbfa2e5d4bfd87d66d62463872cdb62,e063ac8e077a67a8df1485cb678b2306466ea93c2089af1874be29c3e20a0fb4,fdaaed27a559524547581357b0847109ee199fd72458414a57d551431f178fd4
voc,20260814,20260814,fog,0.6722014263035205,0.6525877793809797,0.6808941631322105,0.6613899680407794,0.01961364692254086,0.019504195091431087,0.00010945183110977474,0.010945183110977474,ddb6cb2b16f6cb8ed75df78ea47284ff6201649ee577134861f3189190b9fe0f,686e4d6ff1905716f75d53b095b1e234d4ae894079ad2f5f05d64b964b4d4226,e063ac8e077a67a8df1485cb678b2306466ea93c2089af1874be29c3e20a0fb4,66f0fe4adebc8105ea2f584661ce321a046dc8b0198bc6c5240ac8ba57b04e3a
voc,20260814,20260814,jpeg,0.6722014263035205,0.48152842263249457,0.6808941631322105,0.482564634998932,0.19067300367102596,0.19832952813327853,-0.0076565244622525674,-0.7656524462252567,ddb6cb2b16f6cb8ed75df78ea47284ff6201649ee577134861f3189190b9fe0f,b8835b79c0eb527875ce0d7006acc013cf3583ddf2f8263933b99626cdd460b2,e063ac8e077a67a8df1485cb678b2306466ea93c2089af1874be29c3e20a0fb4,46deb9dad560e92b7cac25282b0406c4ef553d603c04399cd833cf3f07d674a7
kitti,20260807,20260807,gaussian_noise,0.6934168951443126,0.02454921213308857,0.7330124445833172,0.027635664815459447,0.668867683011224,0.7053767797678577,-0.03650909675663372,-3.650909675663372,b8a8916223f93513de6a182db4cf3b95867ff435127a323dc3186de90e7da17d,cd608e19c789c026bde2fb569b31772aed3defc87acc1bfcc369bcb6e57b212d,d863a0a162833de4ac0e60fcfebebdd887d1e9dc2e1aca9da0b130b1bf96ee7d,6268922e367fbfe49c70f75abc65b57cae2a2c72e3086d6c60609de83117b311
kitti,20260807,20260807,motion_blur,0.6934168951443126,0.09014598131761474,0.7330124445833172,0.08700025796987665,0.6032709138266978,0.6460121866134405,-0.04274127278674267,-4.274127278674267,b8a8916223f93513de6a182db4cf3b95867ff435127a323dc3186de90e7da17d,856938a1a849c0043ed03b4a13e053286fb562e7b42ca0d599ed0a886423dfb4,d863a0a162833de4ac0e60fcfebebdd887d1e9dc2e1aca9da0b130b1bf96ee7d,3360366bf47a6977979e4711f39e882fe683f471b19491f92fe3f915d24bd628
kitti,20260807,20260807,fog,0.6934168951443126,0.4654806431174376,0.7330124445833172,0.5204977178034862,0.227936252026875,0.21251472677983096,0.015421525247044043,1.5421525247044043,b8a8916223f93513de6a182db4cf3b95867ff435127a323dc3186de90e7da17d,fd551258f2e7cc93535e033c671672ddfc24c504869207f0ca16666954e96a86,d863a0a162833de4ac0e60fcfebebdd887d1e9dc2e1aca9da0b130b1bf96ee7d,975a520808f14b87ca1671961f769264b11c5c649a8bacaad769eec0ebd5ce98
kitti,20260807,20260807,jpeg,0.6934168951443126,0.6584558818604759,0.7330124445833172,0.6964316654080571,0.03496101328383672,0.036580779175260036,-0.0016197658914233193,-0.16197658914233193,b8a8916223f93513de6a182db4cf3b95867ff435127a323dc3186de90e7da17d,a2041db7cc3e2ee10b76637141fd93b1cdd9354bea2a0196784542524dee5a36,d863a0a162833de4ac0e60fcfebebdd887d1e9dc2e1aca9da0b130b1bf96ee7d,724909ffbd508b81219a2bd7cc5e47d7b1206a51c8231c585b8bb60072f95552
kitti,20260807,20260813,gaussian_noise,0.6899250195042642,0.025734149790646785,0.7318878147524712,0.026703979923898398,0.6641908697136174,0.7051838348285728,-0.040992965114955426,-4.099296511495543,3b6fe9b0eac43546913e038e710c360e7b531ab210778e04b451d2c2fb7dc11c,b52e7defb4e40ac118ee09e83fc497b13437826b2be0477a797d3bdc5bab678c,32c44bc61f2a6822d2aa388ac182a2cde5ae04ff26bd38be78bd9cf1acc8d4a3,85f20767dc8da35b16ed9b8f1578510e474cf9dcd475e70bf254ee83d39051f9
kitti,20260807,20260813,motion_blur,0.6899250195042642,0.10311614775200552,0.7318878147524712,0.08471939418392528,0.5868088717522587,0.647168420568546,-0.060359548816287245,-6.035954881628724,3b6fe9b0eac43546913e038e710c360e7b531ab210778e04b451d2c2fb7dc11c,4cd439134d3cb1f1e7accc1aab7cb347cfb4f788483ec803c1c7d3eb98e601ca,32c44bc61f2a6822d2aa388ac182a2cde5ae04ff26bd38be78bd9cf1acc8d4a3,2270f856689feec31816a8bd11192a5492f88f16042721736375c4edb8318e58
kitti,20260807,20260813,fog,0.6899250195042642,0.46546470542281787,0.7318878147524712,0.519501667111839,0.22446031408144634,0.21238614764063224,0.012074166440814105,1.2074166440814105,3b6fe9b0eac43546913e038e710c360e7b531ab210778e04b451d2c2fb7dc11c,c300f47d6d00e168c8c4e3eeca803f2298f288ce92d0d641342c12f800037332,32c44bc61f2a6822d2aa388ac182a2cde5ae04ff26bd38be78bd9cf1acc8d4a3,dee8cfde64df5d4a4b9d18235defca94e5aa8fdf9391c7a2a1fb3a770f93b912
kitti,20260807,20260813,jpeg,0.6899250195042642,0.6537463459089035,0.7318878147524712,0.6991952385439896,0.036178673595360755,0.03269257620848165,0.0034860973868791056,0.34860973868791056,3b6fe9b0eac43546913e038e710c360e7b531ab210778e04b451d2c2fb7dc11c,b7d2c4c6a884676d29a4c79e8369123f8f7e37ba067c30ea5cf59f9052db7c33,32c44bc61f2a6822d2aa388ac182a2cde5ae04ff26bd38be78bd9cf1acc8d4a3,18bc28a31444ed2884bffd09f915dee76d1e3ee726496aae14d91396214cad62
kitti,20260807,20260814,gaussian_noise,0.6870732397997145,0.02410682665329396,0.7324405464603775,0.027196455252093132,0.6629664131464205,0.7052440912082844,-0.04227767806186389,-4.227767806186389,8e82a50953bdf216c1f4f99dda93fca7973a5fb10f971d65d1fc568c1eb736ba,f1eced08dd3d8540e4385528022999119d5145d360dcba11d6377dbcb4b8e6d5,bdda45e5b6d0de7dd7c685233eb867519127cbe79e5ace62475bba6ac396ee1b,2a5f2c3836fc713369566be7b1940032a5952ba8f5b9bb642090e7b2377a36b3
kitti,20260807,20260814,motion_blur,0.6870732397997145,0.10669678709813853,0.7324405464603775,0.08704812480592795,0.5803764527015759,0.6453924216544495,-0.06501596895287365,-6.501596895287365,8e82a50953bdf216c1f4f99dda93fca7973a5fb10f971d65d1fc568c1eb736ba,654deceb0ff9da6bd45a4bb627c54d5c3f1504cfce0c51f36a2394377014b091,bdda45e5b6d0de7dd7c685233eb867519127cbe79e5ace62475bba6ac396ee1b,9d531fbc6c17a3469c2d465c17f674657ab0c9bffbb489d225c70dba60f44938
kitti,20260807,20260814,fog,0.6870732397997145,0.4717710899033815,0.7324405464603775,0.5207098815536519,0.21530214989633295,0.21173066490672554,0.0035714849896074097,0.35714849896074097,8e82a50953bdf216c1f4f99dda93fca7973a5fb10f971d65d1fc568c1eb736ba,5fc28c4c47d81b12d6b86573a4d9f85b20d5e14075145f22742e28fc75bcd895,bdda45e5b6d0de7dd7c685233eb867519127cbe79e5ace62475bba6ac396ee1b,1326842a25e7b603d18a8e129b79051919966636f2fe8bc8d9435e16b330f47a
kitti,20260807,20260814,jpeg,0.6870732397997145,0.65305362420303,0.7324405464603775,0.6991511341912992,0.03401961559668443,0.03328941226907833,0.0007302033276060937,0.07302033276060937,8e82a50953bdf216c1f4f99dda93fca7973a5fb10f971d65d1fc568c1eb736ba,5d7c8cd5530d2ff34facfa6fa0325052b3d30bf79c64f5371104ec412826f091,bdda45e5b6d0de7dd7c685233eb867519127cbe79e5ace62475bba6ac396ee1b,f34d376439641d32ab41aab2462448ed314c12eb3e3f75641548976bebde27ca
kitti,20260813,20260807,gaussian_noise,0.6906999829258029,0.030528828170344493,0.7240827564619329,0.03215994961347262,0.6601711547554584,0.6919228068484603,-0.0317516520930019,-3.1751652093001903,9bdc89e6ea97436b2dcec0b7f96dc4febed4f2b877cefa09ca7a13bf3efd50c5,62c4b84632317cdf88b148628916dae3d995eb7fee6830e2f4584379a7a886f7,c2bdbc036a3899f499aaab6e18a1f3b4dd1f419898096c43c417860d95fcd944,3fb9a270d4488410d65cae0d1162b4053e9a5cafd9fa71398cf3a1922e6e2d61
kitti,20260813,20260807,motion_blur,0.6906999829258029,0.06952730777464447,0.7240827564619329,0.07407900462289357,0.6211726751511585,0.6500037518390394,-0.028831076687880874,-2.8831076687880874,9bdc89e6ea97436b2dcec0b7f96dc4febed4f2b877cefa09ca7a13bf3efd50c5,02c265067a7c36b3ff3d81cf2e59486852e52c494663b23a9ffddba001259ca1,c2bdbc036a3899f499aaab6e18a1f3b4dd1f419898096c43c417860d95fcd944,e895764034ca9a215555a053a63d0043b11e0a7ed0e9d30731cdd6a07dd73e01
kitti,20260813,20260807,fog,0.6906999829258029,0.49838484532708,0.7240827564619329,0.5344500671541061,0.19231513759872293,0.18963268930782673,0.0026824482908962,0.26824482908962,9bdc89e6ea97436b2dcec0b7f96dc4febed4f2b877cefa09ca7a13bf3efd50c5,df22951cf82e422a421b39719586b1cc9edc702f5c301f0a53c54f1a75305e29,c2bdbc036a3899f499aaab6e18a1f3b4dd1f419898096c43c417860d95fcd944,6ad5e31b9ba008be38d9e10fe759a8dbdbe1403a26c041f53c5803b5e1340431
kitti,20260813,20260807,jpeg,0.6906999829258029,0.659081591842629,0.7240827564619329,0.6877712516004991,0.03161839108317388,0.03631150486143375,-0.004693113778259872,-0.4693113778259872,9bdc89e6ea97436b2dcec0b7f96dc4febed4f2b877cefa09ca7a13bf3efd50c5,a0fce17f8ec925f1064dd88b4169d23384d83dc538a5a898ab78e7c760632ecf,c2bdbc036a3899f499aaab6e18a1f3b4dd1f419898096c43c417860d95fcd944,37016e07fc068c7fa8703115a86620b59eb5ddbd106a460103cb88a92fa69159
kitti,20260813,20260813,gaussian_noise,0.679777873294952,0.032771018583894224,0.7230663501036694,0.03362397394724108,0.6470068547110578,0.6894423761564283,-0.04243552144537055,-4.243552144537055,967935a3e405a291d9e41649796b4fd198a68b8316284a08774162a8e25ac4df,5bf95c80818e435213ab564dd5b3b10f2947a7641a871be65f4040fd165f2438,9ce7fe0d974c9518615390e2fe6a302df5da76599e84ccf4d464fe4cf1a07727,0bb0a73fef1c48e0838dbd036b4ee7c8b1f220087f596915dff77a61a9eac1c3
kitti,20260813,20260813,motion_blur,0.679777873294952,0.08489349376550064,0.7230663501036694,0.07258515287814771,0.5948843795294514,0.6504811972255217,-0.05559681769607028,-5.559681769607028,967935a3e405a291d9e41649796b4fd198a68b8316284a08774162a8e25ac4df,d4b3da75efe0295653921d014ce2e6bf847db5605c3f6fe99d982dafe5c49793,9ce7fe0d974c9518615390e2fe6a302df5da76599e84ccf4d464fe4cf1a07727,ff1045076d2870a18c900c120c24093ce56fa6da10299e21bcfc55c0715b1b54
kitti,20260813,20260813,fog,0.679777873294952,0.47289267503398635,0.7230663501036694,0.5326875216449068,0.20688519826096563,0.19037882845876253,0.016506369802203102,1.6506369802203102,967935a3e405a291d9e41649796b4fd198a68b8316284a08774162a8e25ac4df,3326a73e51216f86b8ff26df3885afa8f5b944e9129c87dea2e94c5ebecfe5da,9ce7fe0d974c9518615390e2fe6a302df5da76599e84ccf4d464fe4cf1a07727,2e4c446edf2bf960a550db3393905269f4bdd960c7f86d35205b513694b44f27
kitti,20260813,20260813,jpeg,0.679777873294952,0.6457514337082626,0.7230663501036694,0.6892435150646217,0.03402643958668938,0.033822835039047705,0.00020360454764167812,0.020360454764167812,967935a3e405a291d9e41649796b4fd198a68b8316284a08774162a8e25ac4df,5e35cba61b18a2994739959e37d41812ea89e36328e9942553a9e0d70ad247ed,9ce7fe0d974c9518615390e2fe6a302df5da76599e84ccf4d464fe4cf1a07727,d695567ebbb3cefa1dee670d01fbefd84e8e4030cfd7a4e05643633fe7513a4a
kitti,20260813,20260814,gaussian_noise,0.6920614661610777,0.032729395470002545,0.7256250786433991,0.031122002489731567,0.6593320706910751,0.6945030761536676,-0.03517100546259244,-3.517100546259244,76fc5e8068e6fdaceeea79a7e7d56e9b4c928ae1c44b525fa11ed2373ed65470,d0d30f32144845e7a29d46d5d662fd74907376292aa0d2efdec0a842897660af,2baf3b08d091e8cf151e61d6e79bc1db909c87de5c130f56861d47911fa0d42e,125b5edea463023cc563469dcf2f9b58600fb0c2fe433aca334539b5d68b8037
kitti,20260813,20260814,motion_blur,0.6920614661610777,0.08609667581465294,0.7256250786433991,0.07239899861211274,0.6059647903464247,0.6532260800312863,-0.04726128968486165,-4.726128968486165,76fc5e8068e6fdaceeea79a7e7d56e9b4c928ae1c44b525fa11ed2373ed65470,45dcacc2b6bd31d668024c9d7ee174a0527c822f0d74c1a1439cc8c026a1fdb4,2baf3b08d091e8cf151e61d6e79bc1db909c87de5c130f56861d47911fa0d42e,5010cec7dc6967a322a4d5c5650518f1ab8a2d7ae1f59c9d0b61bbe7ae9b463f
kitti,20260813,20260814,fog,0.6920614661610777,0.47091988189912026,0.7256250786433991,0.5326177657002892,0.2211415842619574,0.1930073129431099,0.028134271318847492,2.8134271318847492,76fc5e8068e6fdaceeea79a7e7d56e9b4c928ae1c44b525fa11ed2373ed65470,7c4558022febb327a53e78311559d2ae09c9a2bed8f6d56024e4a8f8efa9d9ff,2baf3b08d091e8cf151e61d6e79bc1db909c87de5c130f56861d47911fa0d42e,604471f9ad1ff4a9bee9c22f5f9d9eec1f3e620d064071f6d3e67e5be07c144d
kitti,20260813,20260814,jpeg,0.6920614661610777,0.6574323036247306,0.7256250786433991,0.691468325008719,0.03462916253634707,0.03415675363468007,0.00047240890166699856,0.047240890166699856,76fc5e8068e6fdaceeea79a7e7d56e9b4c928ae1c44b525fa11ed2373ed65470,e717b2794be07810c1625b7ab1c08438a6621827d021850e767ca5bd7b4fbc9b,2baf3b08d091e8cf151e61d6e79bc1db909c87de5c130f56861d47911fa0d42e,0402d5310970757dc0da0a28e8de747250bcf5871baa1faac98b8af6c4b2d149
kitti,20260814,20260807,gaussian_noise,0.6938633020182646,0.02832896961440369,0.7240493316574712,0.02408638666552891,0.665534332403861,0.6999629449919423,-0.034428612588081386,-3.4428612588081386,e109ad750f9e25ed4fee227baee2d074423a10c5b561341bd21f3fa6f7df261a,c2709feff70220e455073c0786710f4aaa70c8ef6a166acb6d3af41710c78840,dae266f854f3bc937afc949d2ca9803bd8f6c4c85f7b0139de4ed7b99ba5ee70,7686fcc211fc05078f159a29902720aba9435fa145f2ac9e240f2cbaca3ceaa2
kitti,20260814,20260807,motion_blur,0.6938633020182646,0.0758901950420596,0.7240493316574712,0.08281371642914055,0.617973106976205,0.6412356152283306,-0.023262508252125613,-2.3262508252125613,e109ad750f9e25ed4fee227baee2d074423a10c5b561341bd21f3fa6f7df261a,eb86fa30b79fd47279683418b06c0a790eb6269eb67451c350394005555bafcc,dae266f854f3bc937afc949d2ca9803bd8f6c4c85f7b0139de4ed7b99ba5ee70,888ec8c66d2398add845781a6205b599ed14930972d9f7c72e18c5bf4a8e121c
kitti,20260814,20260807,fog,0.6938633020182646,0.4849661095875743,0.7240493316574712,0.5275610686830435,0.20889719243069033,0.19648826297442767,0.012408929456262652,1.2408929456262652,e109ad750f9e25ed4fee227baee2d074423a10c5b561341bd21f3fa6f7df261a,38d8ea21478d1d27600eec33ff5d8998e18b68fb4e328b56c3efab016b1a4806,dae266f854f3bc937afc949d2ca9803bd8f6c4c85f7b0139de4ed7b99ba5ee70,c33cc0320eadaebeed8ab9a82ea8e5c2df9b045324d0db79b15d891903715b73
kitti,20260814,20260807,jpeg,0.6938633020182646,0.6707846132633266,0.7240493316574712,0.69984493003651,0.023078688754938015,0.024204401620961158,-0.001125712866023143,-0.1125712866023143,e109ad750f9e25ed4fee227baee2d074423a10c5b561341bd21f3fa6f7df261a,ded18d5bd4c76aa550e620e3f5e71e540edea863edd48bf78f87e1b4e28f9bd2,dae266f854f3bc937afc949d2ca9803bd8f6c4c85f7b0139de4ed7b99ba5ee70,55387e878e166cd21c7cf8ae07cd802c9ea4bcaf3496c4cfdcf0c81467929ee6
kitti,20260814,20260813,gaussian_noise,0.6936743513763396,0.025591488361839165,0.7265940667235886,0.02668806729760893,0.6680828630145004,0.6999059994259796,-0.03182313641147927,-3.182313641147927,f4d94c88f7266db1af19fb7023cf4ba5b5db9f3a4b9ed877a904f20b5973dcee,abe89da98a30751909c4c3e96fbbf48c03f42a380cc47ef356e35cb87d7d1d6b,6d1fa481349d6af7daf64c2c53062ef58ba7e53400a5c67e94c40dd96fe07528,7a04a75cad8a9791aa301b7b8ea6dacb920ac3222df40c0bfeb69a1e58737486
kitti,20260814,20260813,motion_blur,0.6936743513763396,0.08640693594350787,0.7265940667235886,0.08537671049103125,0.6072674154328317,0.6412173562325574,-0.033949940799725686,-3.3949940799725686,f4d94c88f7266db1af19fb7023cf4ba5b5db9f3a4b9ed877a904f20b5973dcee,0004cbf2f234eb8dae1b3ecd0d58cca1eebaee3af90bb587c13ee4e14dce3a55,6d1fa481349d6af7daf64c2c53062ef58ba7e53400a5c67e94c40dd96fe07528,bc29d9364934de6bd8a6d258ead240cff919079ba9593fb876c3ba23a6c4b97b
kitti,20260814,20260813,fog,0.6936743513763396,0.4809277328376905,0.7265940667235886,0.5330101498587129,0.21274661853864907,0.19358391686487575,0.01916270167377332,1.916270167377332,f4d94c88f7266db1af19fb7023cf4ba5b5db9f3a4b9ed877a904f20b5973dcee,6268f01ba60c96557edb8e96434e2808ffbf651cba29d9c8a3913741b0df68c0,6d1fa481349d6af7daf64c2c53062ef58ba7e53400a5c67e94c40dd96fe07528,20a64feb71b7402d656cf93906867109cf8dcda8de2f64e68d39812d8b5287a3
kitti,20260814,20260813,jpeg,0.6936743513763396,0.6632690374264676,0.7265940667235886,0.7034126051347616,0.030405313949872004,0.023181461588827057,0.007223852361044947,0.7223852361044947,f4d94c88f7266db1af19fb7023cf4ba5b5db9f3a4b9ed877a904f20b5973dcee,cb772a86325cca2c60b58b4dc8ba777706b765b2543488c04a8b50975c19c735,6d1fa481349d6af7daf64c2c53062ef58ba7e53400a5c67e94c40dd96fe07528,31a867131589687f98258259e91386c9abcb581e768c659c34e1330c57022f10
kitti,20260814,20260814,gaussian_noise,0.7017141192151904,0.024523424379557648,0.7261752302657862,0.026504577444374927,0.6771906948356328,0.6996706528214113,-0.02247995798577851,-2.247995798577851,726494c8f3ae3b8fa1fa00d4a38e88ed60a7299c5dab5f37a76316f2ee1b4fd3,3bfcff06f3697adf56a20e11932611f760ab2d2978d05406d0cd0fb6f0cab34d,6051752cbae7f6c80ce6e011d5c02d5234b2ccfbb8259a28175b1d85d90b38fb,8d42ae7106e9346be62a59759029ba2af115c8e157509c8f86f5580f0e2c5e24
kitti,20260814,20260814,motion_blur,0.7017141192151904,0.09463539436045451,0.7261752302657862,0.08463782325149599,0.6070787248547359,0.6415374070142903,-0.03445868215955439,-3.445868215955439,726494c8f3ae3b8fa1fa00d4a38e88ed60a7299c5dab5f37a76316f2ee1b4fd3,eacc6e8938e99cbb99f25f53f4c2048f03b74c9e2b4ed56609776e605d844a22,6051752cbae7f6c80ce6e011d5c02d5234b2ccfbb8259a28175b1d85d90b38fb,e69a9c33474e576a6f8e2949e4a305ce55b171ae468da3a1fb7562ffd5d38b5d
kitti,20260814,20260814,fog,0.7017141192151904,0.4737000587162583,0.7261752302657862,0.5329202307248676,0.22801406049893214,0.19325499954091863,0.03475906095801351,3.475906095801351,726494c8f3ae3b8fa1fa00d4a38e88ed60a7299c5dab5f37a76316f2ee1b4fd3,d7ca208f9685576fe1d5f791d48fd44b81d3d8b9ec4c6047db2706bfb58e5ce7,6051752cbae7f6c80ce6e011d5c02d5234b2ccfbb8259a28175b1d85d90b38fb,ad1a2cf7ba14c8c805305361682bc0a279584cdb5f3373994b572d7c8843cd7e
kitti,20260814,20260814,jpeg,0.7017141192151904,0.6698259118794513,0.7261752302657862,0.7003944866016989,0.03188820733573916,0.025780743664087336,0.006107463671651825,0.6107463671651825,726494c8f3ae3b8fa1fa00d4a38e88ed60a7299c5dab5f37a76316f2ee1b4fd3,b33b964291cec65a4614d303f0e3f59bfb0c1a665d98d896b2a103445dba2cae,6051752cbae7f6c80ce6e011d5c02d5234b2ccfbb8259a28175b1d85d90b38fb,b1a9dfec94b27ce5835fa1368e22c9d955faf1c7819a306f2fb390c2d81ec109
tt100k,20260807,20260807,gaussian_noise,0.5297389092562125,0.07704253119478065,0.5440375798440837,0.07928306507828223,0.4526963780614318,0.46475451476580154,-0.012058136704369726,-1.2058136704369726,0531d33df003797662d94ae0ef9c22d26245b7e7546eb78a8f496cf07785a496,9bdbc6f8dda1f21b4caaf3d1f663b47b79bc0375d20728f2d7bd3fe42691fe58,0e3152cfdab1df99c5439c659babf43100e35eb351e760f66cdb085e0a9209f0,1a7c14e0cac9f0e418c69041f909d8cf7d3ecbfb6d144b7d499d1d56aa981570
tt100k,20260807,20260807,motion_blur,0.5297389092562125,0.04218473406354522,0.5440375798440837,0.053916048035356455,0.48755417519266725,0.4901215318087273,-0.002567356616060057,-0.2567356616060057,0531d33df003797662d94ae0ef9c22d26245b7e7546eb78a8f496cf07785a496,d6bef4a88c98f2fe22f46ab05a68f34faab2e8d90f47528c919d546be50bee81,0e3152cfdab1df99c5439c659babf43100e35eb351e760f66cdb085e0a9209f0,fd18bc6ae5aefaa78b83d83e46f8fb40499b744b27ecdd8a71d469a1fdc39b03
tt100k,20260807,20260807,fog,0.5297389092562125,0.5110232354751412,0.5440375798440837,0.5412164270733637,0.018715673781071307,0.002821152770720037,0.01589452101035127,1.589452101035127,0531d33df003797662d94ae0ef9c22d26245b7e7546eb78a8f496cf07785a496,6a4a10366e5e5452467f53db79bbb6c16646ffd5ff096096ad5b2fd180c42110,0e3152cfdab1df99c5439c659babf43100e35eb351e760f66cdb085e0a9209f0,1d7ca63c7ea4f98325cf6fcab768ffefcfd843ae909b7f98b9822ba45ee8b28a
tt100k,20260807,20260807,jpeg,0.5297389092562125,0.41781479039314784,0.5440375798440837,0.40308281870975765,0.11192411886306464,0.1409547611343261,-0.029030642271261453,-2.903064227126145,0531d33df003797662d94ae0ef9c22d26245b7e7546eb78a8f496cf07785a496,e90fc4038ef54a1164130b34e7ae71388fefd58198e4ee4d2af5d8f4f88ce968,0e3152cfdab1df99c5439c659babf43100e35eb351e760f66cdb085e0a9209f0,cc430849ec6d6b6087f2447993b37f56395d9c9c94e5cbae4e932f4c403f0610
tt100k,20260807,20260813,gaussian_noise,0.5356954805991893,0.08008226660107545,0.5540059674338219,0.0765600549159058,0.45561321399811383,0.4774459125179161,-0.021832698519802296,-2.1832698519802296,dd5e8279a6fb8a1b45469f08c11985db2b900003eda90677a513c9a57f09463c,1d593a292daa82dcdd4ffc4a61beaf4b71bada2858fe17c674478b048933795f,8c6a492d5221ccd553011bdf67e15cc08abac51a09c7101fb9279a8e234c0858,5fd9a9bcff19c52129df27dd0d69943d6b58ad89a3f5a1d8c0b945db2af44c10
tt100k,20260807,20260813,motion_blur,0.5356954805991893,0.054370329647340475,0.5540059674338219,0.05532912929436806,0.4813251509518488,0.49867683813945385,-0.017351687187605047,-1.7351687187605047,dd5e8279a6fb8a1b45469f08c11985db2b900003eda90677a513c9a57f09463c,f806db8f5fe547b8866af9fe926c14ecbe960a97a77e7510c85e2e559ed31788,8c6a492d5221ccd553011bdf67e15cc08abac51a09c7101fb9279a8e234c0858,2cd241e046c7aaa8c9ed82a90df68f6e1dc21f81111ddd1b27b03b21aa1de6f3
tt100k,20260807,20260813,fog,0.5356954805991893,0.523902946807148,0.5540059674338219,0.5310974129554655,0.01179253379204126,0.02290855447835638,-0.01111602068631512,-1.111602068631512,dd5e8279a6fb8a1b45469f08c11985db2b900003eda90677a513c9a57f09463c,946d5617425a714249eccc94aa1a3bd60b84fd5db155ae491f5431817f95e4c4,8c6a492d5221ccd553011bdf67e15cc08abac51a09c7101fb9279a8e234c0858,6d42b70cee021bcf1e857649a8904c0f906d2bc8dc8c5849e9dba81ac32bb984
tt100k,20260807,20260813,jpeg,0.5356954805991893,0.4241813017422448,0.5540059674338219,0.41066576461164683,0.11151417885694448,0.14334020282217508,-0.0318260239652306,-3.18260239652306,dd5e8279a6fb8a1b45469f08c11985db2b900003eda90677a513c9a57f09463c,084e2097d6f98064b044e672e96e901b38e63089f15102469a0bd55fd149aeb4,8c6a492d5221ccd553011bdf67e15cc08abac51a09c7101fb9279a8e234c0858,868238ae2a26f80de498aa7ca3f448d96e499d46ba9905609ae8073e878e5f1c
tt100k,20260807,20260814,gaussian_noise,0.5302819790582886,0.0761882374573883,0.5496191514517018,0.08029560826582935,0.45409374160090027,0.46932354318587244,-0.015229801584972169,-1.522980158497217,066bbf8b16a0bd69ce7353ac9efeb8236cb5a9b939dc2828cb329519fc46930e,40cee026fd1d8b14ea468cd41d9ae7f6539fcd5060d0771a1ca54bcc147ec6d7,1ede2f191ec918c2276fd2827504178d65d492a771af21921703af21fb2d9ffd,4925c3dc1110170cab94f0a0c775202c84f84affa857ba869100bdbffa45f23d
tt100k,20260807,20260814,motion_blur,0.5302819790582886,0.04336978748471086,0.5496191514517018,0.06115611303477167,0.4869121915735777,0.4884630384169302,-0.0015508468433524936,-0.15508468433524936,066bbf8b16a0bd69ce7353ac9efeb8236cb5a9b939dc2828cb329519fc46930e,149c731ad70b5145aa95a7c8596770627498c687b7906e7d973de63130a640fe,1ede2f191ec918c2276fd2827504178d65d492a771af21921703af21fb2d9ffd,b8efeaf922aa1f27c31c440ffafd204253db15105b5b8f7e881be3308356cae4
tt100k,20260807,20260814,fog,0.5302819790582886,0.5127449897259192,0.5496191514517018,0.5397072536439613,0.017536989332369357,0.009911897807740488,0.007625091524628869,0.7625091524628869,066bbf8b16a0bd69ce7353ac9efeb8236cb5a9b939dc2828cb329519fc46930e,cc7d6d8325dc30b4ebdb865b21aa279e92c45a608daf44983cd2f0255d438153,1ede2f191ec918c2276fd2827504178d65d492a771af21921703af21fb2d9ffd,d9c368ed762bb554fdbba007a7aec3093b84809c615ba9098d4eaba02753cd71
tt100k,20260807,20260814,jpeg,0.5302819790582886,0.4229657996593765,0.5496191514517018,0.4097049232031928,0.10731617939891208,0.13991422824850902,-0.03259804884959694,-3.259804884959694,066bbf8b16a0bd69ce7353ac9efeb8236cb5a9b939dc2828cb329519fc46930e,0cbbc4c2a2421ccedc40e29a7090f9eba4445f7ba2ce9d4976c79f7a64b1563b,1ede2f191ec918c2276fd2827504178d65d492a771af21921703af21fb2d9ffd,d01d90b1ad1444881d30ca4717eae40b2d225d6aaf36d2407b96b1d3036d6a2d
tt100k,20260813,20260807,gaussian_noise,0.5372851937992267,0.05947277727282783,0.5599286152253048,0.06623963401061818,0.47781241652639883,0.49368898121468663,-0.015876564688287798,-1.5876564688287798,da855b6faab0b8ae2e0cea6f0db95e40c53cd919786c4fa2bf4d3cd63a6c2388,ed6532f734b318da7c425a27e524d0c15ae0f0d4a37db264e44c1da5d96c4668,28637199e8b80b45493d92e6c51dd743cc2edf8fad6b310b53aacbc201b1cb36,d3d5ca7024d64a62bd5d0b56375a51b8eb0f646d0b1a8928458e4fbf1f838b60
tt100k,20260813,20260807,motion_blur,0.5372851937992267,0.03237151927338107,0.5599286152253048,0.04468705396799632,0.5049136745258456,0.5152415612573085,-0.010327886731462899,-1.0327886731462899,da855b6faab0b8ae2e0cea6f0db95e40c53cd919786c4fa2bf4d3cd63a6c2388,197738ba3bbf0937008cae03915eb30fd889c62149ed5782ffdf75339b8a14ff,28637199e8b80b45493d92e6c51dd743cc2edf8fad6b310b53aacbc201b1cb36,94d4949ba16c6b7405ca55250c67a87254ed7e997616b9a4d7b8a3eac11341c1
tt100k,20260813,20260807,fog,0.5372851937992267,0.5147295451195212,0.5599286152253048,0.5476104862902639,0.022555648679705498,0.012318128935040917,0.01023751974466458,1.023751974466458,da855b6faab0b8ae2e0cea6f0db95e40c53cd919786c4fa2bf4d3cd63a6c2388,2aedfcbaa5c72b8d6d0204857757b34d74683e55738af640d95aa913d07e2d9b,28637199e8b80b45493d92e6c51dd743cc2edf8fad6b310b53aacbc201b1cb36,89b46874261534af04f1c59fdf61b20ffd33f4608bed8731c21be097509c7bb0
tt100k,20260813,20260807,jpeg,0.5372851937992267,0.40931644921135757,0.5599286152253048,0.43199815526275803,0.1279687445878691,0.12793045996254676,3.8284625322349e-05,0.0038284625322348997,da855b6faab0b8ae2e0cea6f0db95e40c53cd919786c4fa2bf4d3cd63a6c2388,489a7d969bd7fe33c0c60890146afefd62e0694bf42fbb768ad172ec5d3f9a32,28637199e8b80b45493d92e6c51dd743cc2edf8fad6b310b53aacbc201b1cb36,6f77c2f3c5090816b004dad8e7c65bb218dcb988f356b64acfde69c97492dbb9
tt100k,20260813,20260813,gaussian_noise,0.5527553726373288,0.06278461465085944,0.5561757551980258,0.0625877039939591,0.48997075798646933,0.4935880512040667,-0.0036172932175973505,-0.36172932175973505,d8039732ba4ed1042265aec454423ac7e9a9a6d5b9e0a5c607aa9374c1b9659b,0ea606cd69747baf3876beb8c349621a387f0cc3448b1540ae05353002fd3c75,8632e77c6d685b18a0c854096254993d17618571314a1a9668acbd21af8b5abf,9ce5093e385de795bd20e4896e31df3efec4849dc6129ab23a61214ab5b3d3d6
tt100k,20260813,20260813,motion_blur,0.5527553726373288,0.03734833082530141,0.5561757551980258,0.04222715369374633,0.5154070418120273,0.5139486015042795,0.001458440307747888,0.1458440307747888,d8039732ba4ed1042265aec454423ac7e9a9a6d5b9e0a5c607aa9374c1b9659b,037589771536f90646b65d6eaa6b07c03dba0c1de302ace038a0b2f3c9f2b072,8632e77c6d685b18a0c854096254993d17618571314a1a9668acbd21af8b5abf,1f52bf6c77a092bb12231511b80c416bd021ab7c4e0231fe2d6394cfe7be5057
tt100k,20260813,20260813,fog,0.5527553726373288,0.5266104861802097,0.5561757551980258,0.5499977450818563,0.0261448864571191,0.0061780101161694745,0.019966876340949624,1.9966876340949624,d8039732ba4ed1042265aec454423ac7e9a9a6d5b9e0a5c607aa9374c1b9659b,c7083170990f2430071ae10554a55b227c78623b5121a6bf4bbf8067e698e97a,8632e77c6d685b18a0c854096254993d17618571314a1a9668acbd21af8b5abf,b6a65f697900f266b13d7327fc3e460a7fa190f1d26858109ccf5e1f7da0d328
tt100k,20260813,20260813,jpeg,0.5527553726373288,0.41300345791108867,0.5561757551980258,0.43536377191220976,0.1397519147262401,0.120811983285816,0.018939931440424107,1.8939931440424107,d8039732ba4ed1042265aec454423ac7e9a9a6d5b9e0a5c607aa9374c1b9659b,a194cbf04e117644e17f111106a9df4923e1df6e32a6bc0407c0c08d8b5740b3,8632e77c6d685b18a0c854096254993d17618571314a1a9668acbd21af8b5abf,56ddd1fd706ef3d490754ad43d16b004d095c5552b16b91497eeac8d8b90d485
tt100k,20260813,20260814,gaussian_noise,0.5424547907730046,0.05984191630266091,0.5671854679011042,0.06669553428051371,0.48261287447034373,0.5004899336205906,-0.017877059150246843,-1.7877059150246843,06d24e2ec90c5284e426a56f0c3b4a6f6f74420b5328ee0db177d22d20838098,050dfed61636bc68a539def0d647c4a4b77e8eb99b75a4429fee798dbfe3f862,8b1018795d5245ddab472839430175e3b00ed2914a94f3d5fe0cd5d295cb397a,9ceb28891ef65c587f9264f449f3e5149ae1736dc07986b9f76f9f6827632a84
tt100k,20260813,20260814,motion_blur,0.5424547907730046,0.03450317868611694,0.5671854679011042,0.04116914398264962,0.5079516120868877,0.5260163239184547,-0.018064711831566993,-1.8064711831566993,06d24e2ec90c5284e426a56f0c3b4a6f6f74420b5328ee0db177d22d20838098,6e7eaf92544605a052751c37d052e68f0560302b64aadbc8470372cdd246e10c,8b1018795d5245ddab472839430175e3b00ed2914a94f3d5fe0cd5d295cb397a,6741f79497c4c2ece7735c9e62e8b4ca7339238b7916fac740e0ee753f6dc6a5
tt100k,20260813,20260814,fog,0.5424547907730046,0.5165086177868246,0.5671854679011042,0.5506935938490234,0.02594617298618007,0.016491874052080857,0.009454298934099215,0.9454298934099215,06d24e2ec90c5284e426a56f0c3b4a6f6f74420b5328ee0db177d22d20838098,c7d291de637fdddeae707bbcc165689603779c40e69afb91bc949691b7d07345,8b1018795d5245ddab472839430175e3b00ed2914a94f3d5fe0cd5d295cb397a,b59773ac600dc477a2e15d1c2a410d6cf200d6ee47530c304ed7d1c05c5a6212
tt100k,20260813,20260814,jpeg,0.5424547907730046,0.4087917378620682,0.5671854679011042,0.4373195956257087,0.13366305291093644,0.12986587227539553,0.003797180635540909,0.3797180635540909,06d24e2ec90c5284e426a56f0c3b4a6f6f74420b5328ee0db177d22d20838098,44b114ea8685128d95c13a887694be1589e52edba96dcddf9dac4f000439b7c6,8b1018795d5245ddab472839430175e3b00ed2914a94f3d5fe0cd5d295cb397a,327d509de8a655b6c4488acb1b78fe30b0eef442d8e0d527ab3e6c88cfda1409
tt100k,20260814,20260807,gaussian_noise,0.5253838059949006,0.061259080534296184,0.554234917398071,0.06965081523696985,0.46412472546060446,0.4845841021611011,-0.020459376700496634,-2.045937670049663,c7b3c060bceda56365ac3d5f8f111c2252149a1d8b588ab5dcba2fb380d2d35a,f21b0596d54020d60b423c57f41c47f47a021cf724e8c05047be52dee8d92f8e,8bc2bca3aa5347532c97633e479a525a79d3832d737333d11c62c17a7fbf49d2,138df9dd8c660665bb051af4c8dfd34caf12b18d322217c5c3ea79c9f0d2d717
tt100k,20260814,20260807,motion_blur,0.5253838059949006,0.042821084997458014,0.554234917398071,0.0486001016162491,0.48256272099744263,0.5056348157818219,-0.02307209478437927,-2.307209478437927,c7b3c060bceda56365ac3d5f8f111c2252149a1d8b588ab5dcba2fb380d2d35a,1eddde91f26f103aa29e07dcf21806adac5c8bc09b8882d736a14115043be8b8,8bc2bca3aa5347532c97633e479a525a79d3832d737333d11c62c17a7fbf49d2,8c1ea1a3783dfaa1f193ac4124c793f2f42a1d3264ccba7de918dd2ca5e876ba
tt100k,20260814,20260807,fog,0.5253838059949006,0.5246172459857663,0.554234917398071,0.5568019623963774,0.0007665600091343316,-0.0025670449983064003,0.003333605007440732,0.3333605007440732,c7b3c060bceda56365ac3d5f8f111c2252149a1d8b588ab5dcba2fb380d2d35a,130fdb2955d10b8307fc12ce50133ccfc225c34f6c371f3d7d0a02011768e23a,8bc2bca3aa5347532c97633e479a525a79d3832d737333d11c62c17a7fbf49d2,51e4a1466e883a6b8ee011dfbbeaad4356b651e090ed981ddf94c44ba2746393
tt100k,20260814,20260807,jpeg,0.5253838059949006,0.42265454220215054,0.554234917398071,0.4530748845693511,0.1027292637927501,0.10116003282871988,0.0015692309640302216,0.15692309640302216,c7b3c060bceda56365ac3d5f8f111c2252149a1d8b588ab5dcba2fb380d2d35a,1b24a0bf4dbfa87b59df4c50b751bf1a80118d378a40dc353b99c262d7d446f8,8bc2bca3aa5347532c97633e479a525a79d3832d737333d11c62c17a7fbf49d2,9d11ecd6b91ff9224295ed8233019288777d495ee8926013ea5164236f24cf0e
tt100k,20260814,20260813,gaussian_noise,0.5360600949721992,0.058876032510052724,0.552998219502872,0.0722384535263734,0.47718406246214645,0.4807597659764986,-0.0035757035143521576,-0.35757035143521576,4c0579ccbad58ee7c346ad2f46f2a1bd7ffcfcb8e87df4d97043d3b43a65165e,a574ea4abefb42e7a30423c81f592d101bd52f21f7f7d9fa4ca218fc0096b188,e4eef1523ddc16be4d8212379b9c26f452aee054e8198a5d19389e6bdc682b04,46062a75775fb8ad4d0d34a6a37148d15779f339a5ba6208730398177deb4a37
tt100k,20260814,20260813,motion_blur,0.5360600949721992,0.03942380800686086,0.552998219502872,0.04967427209874059,0.49663628696533835,0.5033239474041313,-0.006687660438792986,-0.6687660438792986,4c0579ccbad58ee7c346ad2f46f2a1bd7ffcfcb8e87df4d97043d3b43a65165e,edb9e1e688476de80e91ba8dc0a33ba522fe4e18c7f05070598907b06d3baf3f,e4eef1523ddc16be4d8212379b9c26f452aee054e8198a5d19389e6bdc682b04,7d089671ca8086d39279fc8064ba882ee14a20af38ad1c800bee741e79769613
tt100k,20260814,20260813,fog,0.5360600949721992,0.535279747216684,0.552998219502872,0.5414667834047068,0.000780347755515165,0.011531436098165204,-0.01075108834265004,-1.075108834265004,4c0579ccbad58ee7c346ad2f46f2a1bd7ffcfcb8e87df4d97043d3b43a65165e,a52a3ebd2e8f76b7df547ef1919c1de01fdbe6fb974efae071cb8ec60ed8dee3,e4eef1523ddc16be4d8212379b9c26f452aee054e8198a5d19389e6bdc682b04,0d4e1d2e92b310d83c2f4a108ec4e26c09ca029cb11837532b538c5bdf31be37
tt100k,20260814,20260813,jpeg,0.5360600949721992,0.4428993446532256,0.552998219502872,0.4544489648076928,0.09316075031897358,0.09854925469517917,-0.005388504376205583,-0.5388504376205583,4c0579ccbad58ee7c346ad2f46f2a1bd7ffcfcb8e87df4d97043d3b43a65165e,db9e45c3169ce38696c68d296e9faac63a00e7863eccbebdedc3e37d757326ec,e4eef1523ddc16be4d8212379b9c26f452aee054e8198a5d19389e6bdc682b04,df7b074c376417daa559a473cfa0d9452413724b4cc606a45e45e64306faff54
tt100k,20260814,20260814,gaussian_noise,0.524610140298708,0.06163196261995972,0.549489721478421,0.07278284976349977,0.46297817767874827,0.4767068717149212,-0.01372869403617294,-1.372869403617294,c1e535737284d2e51aa026be954749bd6c9289b4006656fcc50011fa1d4aea9e,445a69249e234693b2740136dc68e9c9b3aa69406d29a489c20ccb3d4c9fea59,a3f679a21818929d6dd9d9f0d9dd640deb1556163e270850c3a5471452257340,0ee449b4a40592c7a9659bb76d21b9965c9b2ed9982157cf4d5d799a43eb1374
tt100k,20260814,20260814,motion_blur,0.524610140298708,0.035569609625230494,0.549489721478421,0.04882709642763403,0.4890405306734775,0.500662625050787,-0.011622094377309433,-1.1622094377309433,c1e535737284d2e51aa026be954749bd6c9289b4006656fcc50011fa1d4aea9e,6e7b1c7bf880bcb1d6a839f0bc411fe64397ed79e26a27d1d221901a8f892d92,a3f679a21818929d6dd9d9f0d9dd640deb1556163e270850c3a5471452257340,266afd2fff248ba87d9bd80847d5981d85030d33590d2d4f7c1a02ab0b233282
tt100k,20260814,20260814,fog,0.524610140298708,0.5087870906234098,0.549489721478421,0.558264627513587,0.01582304967529824,-0.008774906035165952,0.024597955710464192,2.459795571046419,c1e535737284d2e51aa026be954749bd6c9289b4006656fcc50011fa1d4aea9e,37c8281c07e284aaf14d2f84d4cecf9f179dbdd82904fa55bc8d333faff51cb1,a3f679a21818929d6dd9d9f0d9dd640deb1556163e270850c3a5471452257340,3587c38cb33fed4c10ebfdd481f49600c5b2ba6b5d942283f90445ed7abe6e94
tt100k,20260814,20260814,jpeg,0.524610140298708,0.41575975309643515,0.549489721478421,0.44433430768871945,0.10885038720227286,0.10515541378970156,0.0036949734125713007,0.3694973412571301,c1e535737284d2e51aa026be954749bd6c9289b4006656fcc50011fa1d4aea9e,1144630eb6a7dbcd83e21faf8bcb0bd2ffa562ec5c25de8240f80e02cba4939b,a3f679a21818929d6dd9d9f0d9dd640deb1556163e270850c3a5471452257340,d3451a60458b3ccf9cf9da8fc18f77411860355415c3b0e2122876c994b4a621
