dataset,model,corruption,severity,endpoint_type,n_images,delta_q_all,delta_e_all,delta_e_ci_low,delta_e_ci_median,delta_e_ci_high,delta_e_small,delta_e_large,delta_psi,delta_psi_ci_low,delta_psi_ci_median,delta_psi_ci_high,clean_gap_ap,adjusted_interaction_ap,raw_corrupt_gap_ap,min_corrupt_ap
coco,yolo11m,fog,1,area,5000,0.0123198195,0.0000699110,-0.0025521114,0.0002173740,0.0029500609,0.0020081526,0.0081272228,-0.0061190702,-0.0175756064,-0.0047678219,0.0075292533,1.2319819480,0.0069910991,1.2389730470,48.3393782431
coco,yolo11m,fog,3,area,5000,0.0123198195,0.0013430452,-0.0019608001,0.0013348290,0.0044181837,-0.0025339566,0.0060368977,-0.0085708543,-0.0183300618,-0.0060315246,0.0059097126,1.2319819480,0.1343045205,1.3662864685,47.9219776327
coco,yolo11m,fog,5,area,5000,0.0123198195,0.0037443946,0.0005262352,0.0037301982,0.0066368966,-0.0006717139,0.0048812697,-0.0055529835,-0.0179276832,-0.0047171861,0.0073295676,1.2319819480,0.3744394635,1.6064214115,47.2679196271
coco,yolo11m,gaussian_noise,1,area,5000,0.0123198195,-0.0038926457,-0.0074834014,-0.0035491242,-0.0005225028,0.0002122799,-0.0044848124,0.0046970924,-0.0075677753,0.0051228808,0.0174550977,1.2319819480,-0.3892645714,0.8427173766,46.8197753539
coco,yolo11m,gaussian_noise,3,area,5000,0.0123198195,-0.0038834378,-0.0074800641,-0.0037204512,-0.0002672799,-0.0075428678,-0.0038083917,-0.0037344760,-0.0198964611,-0.0049773496,0.0113489022,1.2319819480,-0.3883437758,0.8436381721,41.3103211189
coco,yolo11m,gaussian_noise,5,area,5000,0.0123198195,-0.0111617775,-0.0149187791,-0.0108379559,-0.0071480528,-0.0058257975,-0.0324828888,0.0266570913,0.0120450443,0.0251599820,0.0385115427,1.2319819480,-1.1161777483,0.1158041997,29.7534416544
coco,yolo11m,jpeg,1,area,5000,0.0123198195,0.0064863281,0.0033453353,0.0067913641,0.0103308179,0.0059182435,0.0107465467,-0.0048283031,-0.0214044589,-0.0079382619,0.0053464646,1.2319819480,0.6486328075,1.8806147555,46.0523306692
coco,yolo11m,jpeg,3,area,5000,0.0123198195,0.0201119297,0.0159323191,0.0203687771,0.0245426969,0.0124281268,0.0286553430,-0.0162272162,-0.0343753119,-0.0189671616,-0.0027429865,1.2319819480,2.0111929652,3.2431749132,38.9506336231
coco,yolo11m,jpeg,5,area,5000,0.0123198195,0.0057205438,0.0014601084,0.0055512492,0.0096373288,-0.0055025813,-0.0072728933,0.0017703120,-0.0136175669,0.0003760128,0.0145432625,1.2319819480,0.5720543807,1.8040363287,17.1087833593
coco,yolo11m,motion_blur,1,area,5000,0.0123198195,0.0049991942,0.0011553119,0.0049779606,0.0086329002,0.0086439157,0.0074218082,0.0012221075,-0.0131901243,0.0009854467,0.0159155899,1.2319819480,0.4999194165,1.7319013645,42.1897270394
coco,yolo11m,motion_blur,3,area,5000,0.0123198195,0.0127047778,0.0085913702,0.0131078963,0.0174978808,-0.0049362150,0.0341553645,-0.0390915794,-0.0587205252,-0.0405957890,-0.0234866251,1.2319819480,1.2704777801,2.5024597280,21.8340462678
coco,yolo11m,motion_blur,5,area,5000,0.0123198195,0.0035975884,-0.0005703173,0.0038264115,0.0078870056,-0.0105744116,0.0171242294,-0.0276986410,-0.0447181266,-0.0285315641,-0.0114826671,1.2319819480,0.3597588360,1.5917407840,9.0435958748
coco,yolo11n,fog,1,area,5000,0.0115643011,-0.0003110019,-0.0038082181,-0.0003900178,0.0023626259,0.0033284868,-0.0035166233,0.0068451101,-0.0072759631,0.0060755270,0.0190489314,1.1564301116,-0.0311001935,1.1253299181,36.0961647343
coco,yolo11n,fog,3,area,5000,0.0115643011,-0.0004593005,-0.0045678981,-0.0006922571,0.0024135527,0.0046114920,-0.0017158544,0.0063273464,-0.0087125349,0.0054574916,0.0211795398,1.1564301116,-0.0459300471,1.1105000646,35.3023691939
coco,yolo11n,fog,5,area,5000,0.0115643011,0.0006991394,-0.0035199440,0.0003422659,0.0036532239,0.0022010406,0.0014927714,0.0007082692,-0.0159723853,0.0013544636,0.0193474526,1.1564301116,0.0699139446,1.2263440562,34.1497484995
coco,yolo11n,gaussian_noise,1,area,5000,0.0115643011,-0.0028156847,-0.0073703861,-0.0029813358,0.0002852859,-0.0029187729,-0.0047520667,0.0018332938,-0.0165997131,0.0008558747,0.0194325983,1.1564301116,-0.2815684713,0.8748616403,34.5652631457
coco,yolo11n,gaussian_noise,3,area,5000,0.0115643011,-0.0042606146,-0.0088220083,-0.0045043747,-0.0008016057,-0.0100805028,-0.0019051268,-0.0081753760,-0.0234523023,-0.0059480000,0.0123477684,1.1564301116,-0.4260614633,0.7303686484,26.7766249741
coco,yolo11n,gaussian_noise,5,area,5000,0.0115643011,-0.0031397756,-0.0071333877,-0.0029612344,0.0007323944,-0.0060290169,0.0078138766,-0.0138428936,-0.0298657814,-0.0119862140,0.0054828095,1.1564301116,-0.3139775631,0.8424525485,11.9866428337
coco,yolo11n,jpeg,1,area,5000,0.0115643011,0.0000127585,-0.0029246397,-0.0003121830,0.0026309783,-0.0050151987,0.0065586855,-0.0115738842,-0.0224956216,-0.0102281358,0.0026842494,1.1564301116,0.0012758481,1.1577059597,35.6663841009
coco,yolo11n,jpeg,3,area,5000,0.0115643011,-0.0029082723,-0.0071795710,-0.0032146767,0.0001271193,0.0023704269,-0.0025622339,0.0049326608,-0.0115675051,0.0039422099,0.0202674579,1.1564301116,-0.2908272264,0.8656028853,33.7558970126
coco,yolo11n,jpeg,5,area,5000,0.0115643011,-0.0145673201,-0.0189400439,-0.0147012663,-0.0108259047,-0.0086407202,-0.0221044646,0.0134637443,-0.0041167340,0.0146674569,0.0357577951,1.1564301116,-1.4567320071,-0.3003018955,21.3405467868
coco,yolo11n,motion_blur,1,area,5000,0.0115643011,-0.0025557174,-0.0061117146,-0.0026360151,0.0009112998,0.0045477374,-0.0024507639,0.0069985013,-0.0075672200,0.0084779351,0.0258501168,1.1564301116,-0.2555717447,0.9008583669,31.4203728298
coco,yolo11n,motion_blur,3,area,5000,0.0115643011,-0.0075410870,-0.0119965361,-0.0077190214,-0.0037902023,-0.0048013473,0.0019075568,-0.0067089042,-0.0252161803,-0.0033597599,0.0187036363,1.1564301116,-0.7541087040,0.4023214076,14.5638233173
coco,yolo11n,motion_blur,5,area,5000,0.0115643011,-0.0103008606,-0.0144912770,-0.0104932120,-0.0068983688,-0.0107717968,-0.0075775587,-0.0031942381,-0.0204614883,-0.0023266250,0.0171799429,1.1564301116,-1.0300860633,0.1263440483,5.5448712799
coco,yolo11x,fog,1,area,5000,0.0091046378,-0.0012283609,-0.0039053975,-0.0012762095,0.0011668741,-0.0091312620,-0.0043386239,-0.0047926381,-0.0164748873,-0.0047961574,0.0065069285,0.9104637831,-0.1228360926,0.7876276905,52.3773089202
coco,yolo11x,fog,3,area,5000,0.0091046378,-0.0001702120,-0.0031278936,-0.0001744491,0.0027886747,-0.0000107174,0.0003487386,-0.0003594560,-0.0115130650,-0.0005405736,0.0110936919,0.9104637831,-0.0170211975,0.8934425856,51.8902741579
coco,yolo11x,fog,5,area,5000,0.0091046378,0.0008193606,-0.0024036626,0.0007455839,0.0031752631,0.0060196599,0.0050778196,0.0009418402,-0.0109836720,0.0019082593,0.0145964580,0.9104637831,0.0819360570,0.9923998400,51.6456412141
coco,yolo11x,gaussian_noise,1,area,5000,0.0091046378,0.0015518662,-0.0018240700,0.0012284986,0.0044927294,0.0108809787,0.0029044738,0.0079765049,-0.0053892196,0.0055585885,0.0174231439,0.9104637831,0.1551866217,1.0656504048,50.6135006900
coco,yolo11x,gaussian_noise,3,area,5000,0.0091046378,0.0025254040,-0.0014659411,0.0019418916,0.0056939719,0.0093327129,0.0075941497,0.0017385632,-0.0119682262,0.0021917704,0.0147877308,0.9104637831,0.2525404014,1.1630041845,45.8137136375
coco,yolo11x,gaussian_noise,5,area,5000,0.0091046378,-0.0089405100,-0.0128353840,-0.0091534026,-0.0057765609,-0.0016193755,-0.0146258127,0.0130064372,-0.0006982245,0.0127646248,0.0272254179,0.9104637831,-0.8940510015,0.0164127815,36.4826126628
coco,yolo11x,jpeg,1,area,5000,0.0091046378,-0.0018678424,-0.0053543522,-0.0018322717,0.0014240558,0.0049438707,0.0033069246,0.0016369461,-0.0117033407,0.0022002549,0.0144036405,0.9104637831,-0.1867842410,0.7236795421,50.8195641485
coco,yolo11x,jpeg,3,area,5000,0.0091046378,-0.0124143317,-0.0164146936,-0.0126240014,-0.0087286887,-0.0089190686,-0.0115726358,0.0026535672,-0.0166655292,-0.0006247527,0.0134536062,0.9104637831,-1.2414331684,-0.3309693853,46.6893600630
coco,yolo11x,jpeg,5,area,5000,0.0091046378,-0.0422923094,-0.0473309893,-0.0425004833,-0.0380130086,-0.0158598803,-0.0636352476,0.0477753674,0.0315134663,0.0464533326,0.0632779940,0.9104637831,-4.2292309369,-3.3187671538,21.1418922038
coco,yolo11x,motion_blur,1,area,5000,0.0091046378,0.0009436519,-0.0019931830,0.0008529969,0.0037199298,0.0083590892,0.0060306257,0.0023284635,-0.0143092363,0.0014602999,0.0164110630,0.9104637831,0.0943651899,1.0048289730,46.7208661272
coco,yolo11x,motion_blur,3,area,5000,0.0091046378,0.0003519339,-0.0036513855,0.0001650118,0.0039169296,0.0001348722,0.0130630641,-0.0129281919,-0.0293697787,-0.0147524264,0.0008221601,0.9104637831,0.0351933857,0.9456571688,27.7648635682
coco,yolo11x,motion_blur,5,area,5000,0.0091046378,0.0017398863,-0.0020640918,0.0016839757,0.0053872237,-0.0055816569,0.0171606671,-0.0227423240,-0.0399447069,-0.0241002002,-0.0083705761,0.9104637831,0.1739886305,1.0844524135,13.1299097760
kitti,yolo11m,fog,1,area,1496,0.0396671629,-0.0056041867,-0.0149106556,-0.0053335867,0.0040942429,0.0038724686,-0.0062291869,0.0101016555,-0.0131385523,0.0088720001,0.0313926628,3.9667162903,-0.5604186658,3.4062976245,64.3280904390
kitti,yolo11m,fog,3,area,1496,0.0396671629,0.0017982969,-0.0075864010,0.0020717968,0.0116065499,0.0146455320,-0.0012727716,0.0159183036,-0.0087713466,0.0165610992,0.0482125311,3.9667162903,0.1798296881,4.1465459784,56.0040988350
kitti,yolo11m,fog,5,area,1496,0.0396671629,0.0152564076,0.0034334834,0.0158937407,0.0303058334,0.0104147690,0.0143713454,-0.0039565764,-0.0369537151,-0.0038665875,0.0282449655,3.9667162903,1.5256407596,5.4923570499,46.5480643117
kitti,yolo11m,gaussian_noise,1,area,1496,0.0396671629,0.0266989992,0.0164779893,0.0270279100,0.0375578889,0.0091191927,0.0451352805,-0.0360160878,-0.0579672414,-0.0366435329,-0.0132211260,3.9667162903,2.6698999185,6.6366162087,58.5330980779
kitti,yolo11m,gaussian_noise,3,area,1496,0.0396671629,-0.0033181323,-0.0112157436,-0.0033254992,0.0040491611,-0.0131668831,0.0031994012,-0.0163662843,-0.0399671321,-0.0162145841,0.0046603277,3.9667162903,-0.3318132323,3.6349030580,24.9069462485
kitti,yolo11m,gaussian_noise,5,area,1496,0.0396671629,-0.0365807806,-0.0419195546,-0.0361165323,-0.0307457566,-0.0433725250,-0.0164645918,-0.0269079333,-0.0457681834,-0.0263083347,-0.0094951534,3.9667162903,-3.6580780610,0.3086382293,2.4549212133
kitti,yolo11m,jpeg,1,area,1496,0.0396671629,-0.0040903137,-0.0096329891,-0.0036455917,0.0025383484,-0.0010546758,-0.0042378473,0.0031831715,-0.0113463696,0.0024399847,0.0156296011,3.9667162903,-0.4090313747,3.5576849156,68.8086294325
kitti,yolo11m,jpeg,3,area,1496,0.0396671629,0.0062123633,-0.0009231773,0.0064562834,0.0145662472,0.0001438266,0.0110785320,-0.0109347054,-0.0290670592,-0.0111383187,0.0073963671,3.9667162903,0.6212363268,4.5879526171,67.6263632883
kitti,yolo11m,jpeg,5,area,1496,0.0396671629,-0.0015709262,-0.0085723957,-0.0013507385,0.0068578486,0.0074735747,0.0015599801,0.0059135946,-0.0170672014,0.0063772242,0.0339781590,3.9667162903,-0.1570926204,3.8096236698,65.8455881860
kitti,yolo11m,motion_blur,1,area,1496,0.0396671629,-0.0038972765,-0.0136772330,-0.0037208416,0.0062371663,-0.0068919813,-0.0043470478,-0.0025449335,-0.0245366290,-0.0021693384,0.0201749175,3.9667162903,-0.3897276533,3.5769886370,67.4987148205
kitti,yolo11m,motion_blur,3,area,1496,0.0396671629,-0.0336568605,-0.0440808119,-0.0337916899,-0.0239868347,-0.0451340861,-0.0189629252,-0.0261711609,-0.0591019189,-0.0251138286,0.0034302610,3.9667162903,-3.3656860485,0.6010302418,33.5922648050
kitti,yolo11m,motion_blur,5,area,1496,0.0396671629,-0.0428107400,-0.0509264279,-0.0429716740,-0.0352250878,-0.0443723047,-0.0243005105,-0.0200717943,-0.0411848079,-0.0186875130,0.0017953977,3.9667162903,-4.2810739985,-0.3143577083,8.7002404235
kitti,yolo11n,fog,1,area,1496,0.0213750748,-0.0039902529,-0.0133323560,-0.0033829403,0.0073123737,0.0145240002,-0.0083249416,0.0228489419,-0.0077573608,0.0199146937,0.0479012228,2.1375074774,-0.3990252887,1.7384821886,56.4762196268
kitti,yolo11n,fog,3,area,1496,0.0213750748,0.0061881080,-0.0020116465,0.0067166725,0.0181192523,0.0307377821,0.0119178166,0.0188199655,-0.0128456099,0.0170567363,0.0495987644,2.1375074774,0.6188107977,2.7563182751,44.4636374416
kitti,yolo11n,fog,5,area,1496,0.0213750748,0.0310273183,0.0188596790,0.0318311785,0.0460138513,0.0227849623,0.0456678975,-0.0228829352,-0.0597001333,-0.0220814277,0.0184137710,2.1375074774,3.1027318345,5.2402393119,28.1961665411
kitti,yolo11n,gaussian_noise,1,area,1496,0.0213750748,0.0096444342,0.0011946480,0.0102044124,0.0203008723,0.0036455513,0.0194888095,-0.0158432582,-0.0446528050,-0.0172714385,0.0137756181,2.1375074774,0.9644434242,3.1019509016,56.9502890861
kitti,yolo11n,gaussian_noise,3,area,1496,0.0213750748,0.0139402984,0.0032180791,0.0148867124,0.0282040860,0.0038373550,0.0200495129,-0.0162121579,-0.0418632991,-0.0171361952,0.0086383781,2.1375074774,1.3940298414,3.5315373187,35.7808795006
kitti,yolo11n,gaussian_noise,5,area,1496,0.0213750748,-0.0112694042,-0.0190180543,-0.0108986174,-0.0012440245,-0.0069908961,-0.0114613567,0.0044704606,-0.0186134917,0.0032672852,0.0255742817,2.1375074774,-1.1269404151,1.0105670622,6.8632744496
kitti,yolo11n,jpeg,1,area,1496,0.0213750748,0.0016576956,-0.0043952808,0.0023291909,0.0088410617,0.0039777555,-0.0005386679,0.0045164234,-0.0176336441,0.0036319504,0.0209430615,2.1375074774,0.1657695648,2.3032770422,61.0733328760
kitti,yolo11n,jpeg,3,area,1496,0.0213750748,-0.0008705954,-0.0081063898,-0.0009655162,0.0062276930,0.0001282813,0.0011890445,-0.0010607632,-0.0255182619,-0.0020623031,0.0182067913,2.1375074774,-0.0870595417,2.0504479357,60.6907585281
kitti,yolo11n,jpeg,5,area,1496,0.0213750748,0.0041695303,-0.0056572204,0.0045017004,0.0148260345,-0.0048687103,0.0086379376,-0.0135066479,-0.0457145691,-0.0129823673,0.0119855929,2.1375074774,0.4169530324,2.5544605098,58.6823823379
kitti,yolo11n,motion_blur,1,area,1496,0.0213750748,-0.0072932860,-0.0166534580,-0.0065826788,0.0053692390,0.0039175529,-0.0054187906,0.0093363434,-0.0222774305,0.0088894858,0.0367794814,2.1375074774,-0.7293286006,1.4081788768,59.8560062636
kitti,yolo11n,motion_blur,3,area,1496,0.0213750748,-0.0270720766,-0.0385246342,-0.0265724243,-0.0126193194,-0.0200241963,-0.0153700873,-0.0046541090,-0.0366729280,-0.0052042390,0.0274447888,2.1375074774,-2.7072076631,-0.5697001857,27.4903678146
kitti,yolo11n,motion_blur,5,area,1496,0.0213750748,-0.0169872022,-0.0268662416,-0.0166196289,-0.0045577000,-0.0130458319,0.0034177585,-0.0164635904,-0.0420232511,-0.0164336622,0.0098171401,2.1375074774,-1.6987202240,0.4387872534,6.1078800463
kitti,yolo11x,fog,1,area,1496,0.0143632784,-0.0023716204,-0.0100127745,-0.0027662997,0.0044845266,0.0018764568,-0.0040048273,0.0058812841,-0.0149116523,0.0057955229,0.0256775593,1.4363278420,-0.2371620395,1.1991658025,66.2415035110
kitti,yolo11x,fog,3,area,1496,0.0143632784,-0.0052694664,-0.0145812795,-0.0054903339,0.0026190796,0.0008961486,-0.0040109270,0.0049070756,-0.0113368069,0.0055951949,0.0238633187,1.4363278420,-0.5269466350,0.9093812069,60.8696871127
kitti,yolo11x,fog,5,area,1496,0.0143632784,-0.0043029559,-0.0109568670,-0.0042831719,0.0028516550,-0.0096544112,-0.0046926303,-0.0049617809,-0.0272663669,-0.0039154523,0.0187982488,1.4363278420,-0.4302955886,1.0060322534,55.2248553635
kitti,yolo11x,gaussian_noise,1,area,1496,0.0143632784,-0.0102652526,-0.0175174476,-0.0106089094,-0.0039044609,-0.0222932507,-0.0063296952,-0.0159635555,-0.0386064437,-0.0148172258,0.0083586638,1.4363278420,-1.0265252574,0.4098025846,64.7689311600
kitti,yolo11x,gaussian_noise,3,area,1496,0.0143632784,-0.0248997388,-0.0335014712,-0.0256060992,-0.0188235599,-0.0484303888,-0.0105123073,-0.0379180815,-0.0562265893,-0.0368839833,-0.0182202271,1.4363278420,-2.4899738844,-1.0536460424,34.5416496666
kitti,yolo11x,gaussian_noise,5,area,1496,0.0143632784,-0.0243348337,-0.0313762370,-0.0241724303,-0.0177208789,-0.0435199134,-0.0075696918,-0.0359502216,-0.0506009619,-0.0347915699,-0.0191271680,1.4363278420,-2.4334833674,-0.9971555255,3.4281245288
kitti,yolo11x,jpeg,1,area,1496,0.0143632784,0.0004382981,-0.0048943833,0.0002488366,0.0057652819,-0.0132257744,0.0038034280,-0.0170292023,-0.0352384859,-0.0177071770,-0.0007251574,1.4363278420,0.0438298125,1.4801576545,70.5509165922
kitti,yolo11x,jpeg,3,area,1496,0.0143632784,-0.0056856211,-0.0110685290,-0.0055175743,0.0001941326,-0.0104196478,-0.0031141284,-0.0073055194,-0.0220672697,-0.0075783250,0.0058364927,1.4363278420,-0.5685621067,0.8677657353,70.5280850825
kitti,yolo11x,jpeg,5,area,1496,0.0143632784,-0.0077130353,-0.0140764264,-0.0077517133,-0.0013553038,-0.0223560333,-0.0059729412,-0.0163830922,-0.0374449783,-0.0152112943,0.0079655983,1.4363278420,-0.7713035274,0.6650243146,67.9507468779
kitti,yolo11x,motion_blur,1,area,1496,0.0143632784,0.0074367023,-0.0014420471,0.0070243175,0.0143652321,0.0049295461,0.0065707260,-0.0016411798,-0.0182810476,-0.0014931244,0.0162127527,1.4363278420,0.7436702259,2.1799980679,68.2881300538
kitti,yolo11x,motion_blur,3,area,1496,0.0143632784,0.0053581535,-0.0035897309,0.0051425234,0.0134201927,-0.0152240199,0.0166456080,-0.0318696279,-0.0540029916,-0.0288196569,0.0075135119,1.4363278420,0.5358153489,1.9721431909,31.9456715942
kitti,yolo11x,motion_blur,5,area,1496,0.0143632784,-0.0117732138,-0.0174131762,-0.0118838096,-0.0062663965,-0.0370598572,0.0076625359,-0.0447223931,-0.0614908132,-0.0439608534,-0.0279443039,1.4363278420,-1.1773213847,0.2590064573,7.2585352876
tt100k,yolo11m,fog,1,tt100k-height,3067,0.0142986706,0.0077183442,-0.0105551964,0.0048574787,0.0205499851,-0.0015203367,-0.0002565893,-0.0012637474,-0.0326200087,-0.0050016418,0.0198277140,1.4298670588,0.7718344176,2.2017014764,51.7495471476
tt100k,yolo11m,fog,3,tt100k-height,3067,0.0142986706,0.0128110762,-0.0118333109,0.0069632127,0.0239333283,-0.0032828808,-0.0089196032,0.0056367224,-0.0256861650,0.0025972375,0.0316165069,1.4298670588,1.2811076169,2.7109746757,51.6047940887
tt100k,yolo11m,fog,5,tt100k-height,3067,0.0142986706,0.0158945210,-0.0088007157,0.0125916720,0.0313864934,0.0067156017,0.0121698432,-0.0054542415,-0.0387901017,-0.0061528453,0.0278213853,1.4298670588,1.5894521010,3.0193191598,51.1023235475
tt100k,yolo11m,gaussian_noise,1,tt100k-height,3067,0.0142986706,0.0281749479,0.0048502468,0.0227223824,0.0415153220,0.0000191553,0.0136901641,-0.0136710087,-0.0436161734,-0.0109457496,0.0212254078,1.4298670588,2.8174947920,4.2473618508,47.4934578513
tt100k,yolo11m,gaussian_noise,3,tt100k-height,3067,0.0142986706,0.0145100515,-0.0014910695,0.0147512137,0.0313712960,0.0101702393,-0.0017888821,0.0119591214,-0.0276273165,0.0066001276,0.0403699071,1.4298670588,1.4510051517,2.8808722105,27.1015039651
tt100k,yolo11m,gaussian_noise,5,tt100k-height,3067,0.0142986706,-0.0120581367,-0.0277046416,-0.0128682652,0.0025313747,-0.0461301164,-0.0115204677,-0.0346096487,-0.0677234314,-0.0390276338,-0.0124999436,1.4298670588,-1.2058136704,0.2240533884,7.7042531195
tt100k,yolo11m,jpeg,1,tt100k-height,3067,0.0142986706,0.0092568816,-0.0058645710,0.0093847693,0.0237679865,-0.0093415587,0.0072496329,-0.0165911916,-0.0433600924,-0.0163424400,0.0128718604,1.4298670588,0.9256881559,2.3555552147,51.1579827829
tt100k,yolo11m,jpeg,3,tt100k-height,3067,0.0142986706,0.0067011782,-0.0123578053,0.0039654452,0.0195431942,-0.0178027225,0.0023769407,-0.0201796632,-0.0531854145,-0.0230441131,0.0074208966,1.4298670588,0.6701178172,2.0999848759,52.4314790773
tt100k,yolo11m,jpeg,5,tt100k-height,3067,0.0142986706,-0.0290306423,-0.0459598585,-0.0227159807,0.0014218027,-0.0287687546,-0.0385493059,0.0097805513,-0.0524749434,-0.0096243823,0.0292748877,1.4298670588,-2.9030642271,-1.4731971683,40.3082818710
tt100k,yolo11m,motion_blur,1,tt100k-height,3067,0.0142986706,0.0030569270,-0.0167895266,0.0023250054,0.0211400239,-0.0168387950,-0.0121868885,-0.0046519064,-0.0392152047,-0.0031742666,0.0327313648,1.4298670588,0.3056927039,1.7355597627,48.7705748332
tt100k,yolo11m,motion_blur,3,tt100k-height,3067,0.0142986706,0.0037072249,-0.0165848553,0.0011511600,0.0198476139,-0.0377065502,0.0080660227,-0.0457725729,-0.0768900216,-0.0459843225,-0.0153012735,1.4298670588,0.3707224868,1.8005895456,18.2509305669
tt100k,yolo11m,motion_blur,5,tt100k-height,3067,0.0142986706,-0.0025673566,-0.0178833437,-0.0019666487,0.0134462076,-0.0388174544,0.0004051493,-0.0392226038,-0.0722268817,-0.0448053211,-0.0181059468,1.4298670588,-0.2567356616,1.1731313972,4.2184734064
tt100k,yolo11n,fog,1,tt100k-height,3067,0.0111785962,0.0080185303,-0.0040007851,0.0068769602,0.0176600283,0.0166506317,0.0115413733,0.0051092584,-0.0304271393,0.0045265172,0.0359041788,1.1178596197,0.8018530251,1.9197126448,24.7863033783
tt100k,yolo11n,fog,3,tt100k-height,3067,0.0111785962,0.0027765997,-0.0097338348,0.0022719321,0.0148600117,0.0169558083,0.0061772317,0.0107785766,-0.0237191837,0.0076256560,0.0373786425,1.1178596197,0.2776599725,1.3955195922,24.7033387545
tt100k,yolo11n,fog,5,tt100k-height,3067,0.0111785962,-0.0010453715,-0.0093924285,0.0018369154,0.0127493061,0.0000786503,0.0073796723,-0.0073010220,-0.0448690528,-0.0117120525,0.0207097367,1.1178596197,-0.1045371504,1.0133224693,24.3649432353
tt100k,yolo11n,gaussian_noise,1,tt100k-height,3067,0.0111785962,0.0026353173,-0.0089327235,0.0039286044,0.0170227259,0.0234651837,0.0130386552,0.0104265285,-0.0261428236,0.0065347734,0.0379615045,1.1178596197,0.2635317268,1.3813913466,23.8913806509
tt100k,yolo11n,gaussian_noise,3,tt100k-height,3067,0.0111785962,0.0025612392,-0.0070120551,0.0054351219,0.0172726242,0.0029818469,0.0175616318,-0.0145797849,-0.0455676254,-0.0158686619,0.0169963759,1.1178596197,0.2561239162,1.3739835359,15.8920286178
tt100k,yolo11n,gaussian_noise,5,tt100k-height,3067,0.0111785962,-0.0071703511,-0.0189466405,-0.0069947226,0.0048260416,0.0070620013,0.0006147879,0.0064472135,-0.0251183904,0.0074706600,0.0376498489,1.1178596197,-0.7170351145,0.4008245052,5.6348728502
tt100k,yolo11n,jpeg,1,tt100k-height,3067,0.0111785962,-0.0009847194,-0.0087722079,0.0016335809,0.0127673553,0.0053533904,0.0052361923,0.0001171981,-0.0238397173,0.0016221123,0.0267693200,1.1178596197,-0.0984719437,1.0193876760,25.6835545013
tt100k,yolo11n,jpeg,3,tt100k-height,3067,0.0111785962,0.0166048308,0.0023523919,0.0145149835,0.0274606578,0.0116876077,0.0203084509,-0.0086208432,-0.0406834017,-0.0067185698,0.0247843221,1.1178596197,1.6604830811,2.7783427009,24.7279013712
tt100k,yolo11n,jpeg,5,tt100k-height,3067,0.0111785962,0.0113850715,-0.0039222854,0.0099572041,0.0237342454,0.0133757773,0.0272273317,-0.0138515543,-0.0410527899,-0.0070752388,0.0255644002,1.1178596197,1.1385071475,2.2563667672,21.1580722262
tt100k,yolo11n,motion_blur,1,tt100k-height,3067,0.0111785962,0.0032476448,-0.0082343821,0.0035451827,0.0158666635,0.0093791496,0.0153400409,-0.0059608912,-0.0435388281,-0.0078393428,0.0259081766,1.1178596197,0.3247644804,1.4426241002,22.2205956794
tt100k,yolo11n,motion_blur,3,tt100k-height,3067,0.0111785962,0.0061973898,-0.0065658241,0.0068627516,0.0209288353,0.0052566119,0.0269372232,-0.0216806113,-0.0510170604,-0.0199831082,0.0086935594,1.1178596197,0.6197389821,1.7375986019,7.3447283330
tt100k,yolo11n,motion_blur,5,tt100k-height,3067,0.0111785962,-0.0003006377,-0.0148417560,-0.0027586806,0.0094302549,0.0054551607,0.0145685396,-0.0091133789,-0.0353659447,-0.0040866593,0.0245144797,1.1178596197,-0.0300637657,1.0877958541,2.0025330298
tt100k,yolo11x,fog,1,tt100k-height,3067,0.0007932389,0.0140799104,-0.0028506310,0.0111641996,0.0269307662,-0.0020168221,0.0129454612,-0.0149622833,-0.0364648048,-0.0108472998,0.0148920688,0.0793238941,1.4079910425,1.4873149366,55.4467764957
tt100k,yolo11x,fog,3,tt100k-height,3067,0.0007932389,0.0075679953,-0.0102466490,0.0055889073,0.0207263402,-0.0033234894,0.0153855973,-0.0187090867,-0.0354214236,-0.0115883853,0.0145817416,0.0793238941,0.7567995321,0.8361234262,55.0865151302
tt100k,yolo11x,fog,5,tt100k-height,3067,0.0007932389,0.0176996997,-0.0015003009,0.0143389481,0.0303815947,0.0072817767,0.0170827108,-0.0098009342,-0.0284726239,-0.0049503058,0.0198460298,0.0793238941,1.7699699714,1.8492938655,54.1418800327
tt100k,yolo11x,gaussian_noise,1,tt100k-height,3067,0.0007932389,0.0169875054,-0.0053135671,0.0152695058,0.0362643385,0.0182432023,0.0272322651,-0.0089890628,-0.0343853018,0.0026287359,0.0402316294,0.0793238941,1.6987505357,1.7780744298,51.0511414530
tt100k,yolo11x,gaussian_noise,3,tt100k-height,3067,0.0007932389,0.0208828263,-0.0003162428,0.0179807279,0.0356038427,0.0124310787,0.0239296608,-0.0114985822,-0.0396045151,-0.0078237154,0.0238302819,0.0793238941,2.0882826326,2.1676065267,30.6168333520
tt100k,yolo11x,gaussian_noise,5,tt100k-height,3067,0.0007932389,0.0021357249,-0.0150827856,-0.0014651447,0.0123877161,-0.0298801849,0.0116855673,-0.0415657522,-0.0589676272,-0.0356767393,-0.0115621379,0.0793238941,0.2135724943,0.2928963884,6.7497808684
tt100k,yolo11x,jpeg,1,tt100k-height,3067,0.0007932389,0.0084094662,-0.0084582397,0.0058119027,0.0203548396,-0.0193504307,0.0148178684,-0.0341682992,-0.0536624889,-0.0278744664,-0.0030454213,0.0793238941,0.8409466224,0.9202705165,55.0105449951
tt100k,yolo11x,jpeg,3,tt100k-height,3067,0.0007932389,0.0071490288,-0.0121628584,0.0046517027,0.0201812949,-0.0080778318,0.0186511719,-0.0267290038,-0.0459450726,-0.0176315636,0.0125934707,0.0793238941,0.7149028808,0.7942267749,54.6559256932
tt100k,yolo11x,jpeg,5,tt100k-height,3067,0.0007932389,0.0075981569,-0.0111717242,0.0055689527,0.0215679991,-0.0128689433,0.0085203885,-0.0213893318,-0.0487242213,-0.0129317701,0.0256569659,0.0793238941,0.7598156876,0.8391395817,46.7866949609
tt100k,yolo11x,motion_blur,1,tt100k-height,3067,0.0007932389,0.0114102571,-0.0069808750,0.0083400114,0.0246336649,-0.0224101631,0.0152335392,-0.0376437023,-0.0627180402,-0.0326127324,-0.0017914072,0.0793238941,1.1410257113,1.2203496053,51.8707494367
tt100k,yolo11x,motion_blur,3,tt100k-height,3067,0.0007932389,0.0026701860,-0.0142161473,0.0002479705,0.0160957785,-0.0283786534,0.0034298519,-0.0318085053,-0.0548550748,-0.0290285497,-0.0023286190,0.0793238941,0.2670185989,0.3463424930,19.3070882083
tt100k,yolo11x,motion_blur,5,tt100k-height,3067,0.0007932389,-0.0003161519,-0.0165793904,-0.0036409302,0.0096156441,-0.0321213491,0.0043359048,-0.0364572538,-0.0539438246,-0.0318206728,-0.0086772339,0.0793238941,-0.0316151921,0.0477087019,5.2248860929
voc,yolo11m,fog,1,area,4952,0.0169687792,0.0001853653,-0.0023799800,0.0002134983,0.0027522262,0.0025276393,0.0010518356,0.0014758037,-0.0455364122,-0.0120858654,0.0240760072,1.6968779241,0.0185365285,1.7154144525,66.1486930808
voc,yolo11m,fog,3,area,4952,0.0169687792,-0.0002430227,-0.0028632287,-0.0001868647,0.0024514247,-0.0199917919,-0.0015420957,-0.0184496963,-0.0407740507,-0.0013647523,0.0291244619,1.6968779241,-0.0243022652,1.6725756589,65.5143631033
voc,yolo11m,fog,5,area,4952,0.0169687792,-0.0009579876,-0.0036741333,-0.0007824982,0.0020716206,0.0019493498,-0.0017783988,0.0037277486,-0.0425800025,0.0048372470,0.0484961371,1.6968779241,-0.0957987634,1.6010791607,64.5952401423
voc,yolo11m,gaussian_noise,1,area,4952,0.0169687792,0.0011835299,-0.0019108846,0.0011128980,0.0043107645,0.0136478916,0.0017151686,0.0119327230,-0.0303157702,0.0004602350,0.0384071446,1.6968779241,0.1183529894,1.8152309135,64.2869310286
voc,yolo11m,gaussian_noise,3,area,4952,0.0169687792,-0.0023040710,-0.0061979475,-0.0022776476,0.0016765150,0.0150568446,0.0010279196,0.0140289251,-0.0268710992,0.0012413003,0.0378925683,1.6968779241,-0.2304071012,1.4664708229,53.8415208238
voc,yolo11m,gaussian_noise,5,area,4952,0.0169687792,-0.0132881819,-0.0169640490,-0.0131738311,-0.0091419100,0.0036181036,-0.0071676129,0.0107857165,-0.0391748269,0.0068009937,0.0514064672,1.6968779241,-1.3288181903,0.3680597338,31.7343390917
voc,yolo11m,jpeg,1,area,4952,0.0169687792,-0.0017395162,-0.0042709485,-0.0015535309,0.0012686732,-0.0054722124,-0.0003782721,-0.0050939403,-0.0502050818,-0.0061455254,0.0328725661,1.6968779241,-0.1739516250,1.5229262991,65.4869691795
voc,yolo11m,jpeg,3,area,4952,0.0169687792,-0.0077982039,-0.0111442652,-0.0079359682,-0.0046217701,0.0023072434,-0.0067970163,0.0091042598,-0.0390325897,0.0068639269,0.0518428226,1.6968779241,-0.7798203887,0.9170575354,63.7106074392
voc,yolo11m,jpeg,5,area,4952,0.0169687792,-0.0272968317,-0.0312632153,-0.0272310352,-0.0227485887,-0.0138920228,-0.0250907790,0.0111987562,-0.0360637050,0.0140353773,0.0625578203,1.6968779241,-2.7296831682,-1.0328052441,44.5805091135
voc,yolo11m,motion_blur,1,area,4952,0.0169687792,-0.0024565263,-0.0062393213,-0.0023610184,0.0012844783,0.0097344903,0.0020956311,0.0076388592,-0.0448674676,0.0070031898,0.0664735295,1.6968779241,-0.2456526303,1.4512252937,58.2619941258
voc,yolo11m,motion_blur,3,area,4952,0.0169687792,-0.0033861875,-0.0073685669,-0.0032400323,0.0009662414,-0.0016321147,0.0049860793,-0.0066181941,-0.0480966266,-0.0039751801,0.0382715516,1.6968779241,-0.3386187525,1.3582591715,22.9877469101
voc,yolo11m,motion_blur,5,area,4952,0.0169687792,-0.0108923454,-0.0140757127,-0.0104603158,-0.0069160168,-0.0039501282,-0.0022614344,-0.0016886938,-0.0440912981,0.0002423341,0.0418845109,1.6968779241,-1.0892345381,0.6076433860,5.9114133052
voc,yolo11n,fog,1,area,4952,0.0067795622,0.0002299116,-0.0026602611,0.0003759532,0.0033742820,0.0115087798,-0.0005146139,0.0120233936,-0.0133381983,0.0070654033,0.0260802292,0.6779562237,0.0229911610,0.7009473847,60.7560868856
voc,yolo11n,fog,3,area,4952,0.0067795622,0.0046285414,0.0013410888,0.0047832634,0.0080404476,0.0292528993,0.0034230411,0.0258298582,-0.0312345426,0.0044895074,0.0479549547,0.6779562237,0.4628541433,1.1408103670,59.3785901068
voc,yolo11n,fog,5,area,4952,0.0067795622,0.0056258473,0.0022824558,0.0058527428,0.0095034332,-0.0119565913,0.0075706117,-0.0195272029,-0.0732007014,-0.0214211346,0.0298279616,0.6779562237,0.5625847259,1.2405409495,57.6704647035
voc,yolo11n,gaussian_noise,1,area,4952,0.0067795622,0.0047261026,0.0011033571,0.0048727348,0.0086526528,0.0671569759,0.0045862999,0.0625706760,-0.0156904916,0.0302757122,0.0732457862,0.6779562237,0.4726102642,1.1505664878,57.6667140099
voc,yolo11n,gaussian_noise,3,area,4952,0.0067795622,0.0047794633,0.0002736492,0.0051621948,0.0098047510,0.0068635432,0.0045480429,0.0023155003,-0.0275326170,-0.0003889378,0.0295964002,0.6779562237,0.4779463301,1.1559025537,43.4770667666
voc,yolo11n,gaussian_noise,5,area,4952,0.0067795622,-0.0010693195,-0.0050047342,-0.0007793117,0.0034546293,0.0280325075,-0.0022411212,0.0302736287,-0.0171507695,0.0108009695,0.0472614774,0.6779562237,-0.1069319538,0.5710242698,14.6973669241
voc,yolo11n,jpeg,1,area,4952,0.0067795622,0.0046042548,0.0013427978,0.0046385296,0.0079474534,0.0221862191,0.0047995531,0.0173866660,-0.0275425981,0.0045888522,0.0435327634,0.6779562237,0.4604254828,1.1383817065,60.4668742235
voc,yolo11n,jpeg,3,area,4952,0.0067795622,0.0044236412,0.0008272759,0.0044696549,0.0082478118,0.0543398992,0.0054885641,0.0488513351,-0.0188604065,0.0179620358,0.0584780773,0.6779562237,0.4423641161,1.1203203397,58.6624412789
voc,yolo11n,jpeg,5,area,4952,0.0067795622,-0.0010292914,-0.0054641637,-0.0006706244,0.0039045616,0.0061523420,-0.0000130987,0.0061654407,-0.0530387118,-0.0094528499,0.0331897659,0.6779562237,-0.1029291429,0.5750270808,42.5885505628
voc,yolo11n,motion_blur,1,area,4952,0.0067795622,-0.0022378230,-0.0067722260,-0.0019724983,0.0023146030,0.0162958143,0.0004920296,0.0158037847,-0.0298738537,0.0093918698,0.0575925022,0.6779562237,-0.2237822997,0.4541739239,50.7157829907
voc,yolo11n,motion_blur,3,area,4952,0.0067795622,0.0123518996,0.0079573032,0.0127514953,0.0175000414,0.0157274514,0.0160892616,-0.0003618102,-0.0473580530,-0.0182171986,0.0206962188,0.6779562237,1.2351899650,1.9131461887,15.0130295397
voc,yolo11n,motion_blur,5,area,4952,0.0067795622,0.0000396654,-0.0031473473,0.0006145283,0.0044682495,0.0206629591,0.0010384111,0.0196245480,-0.0254718454,0.0012704754,0.0379883059,0.6779562237,0.0039665379,0.6819227615,4.1140587023
voc,yolo11x,fog,1,area,4952,0.0091324090,0.0019825725,-0.0004002424,0.0019501638,0.0042786364,0.0044077679,0.0033432466,0.0010645213,-0.0498319756,-0.0102537685,0.0278153434,0.9132409021,0.1982572528,1.1114981549,68.6867622663
voc,yolo11x,fog,3,area,4952,0.0091324090,0.0018749249,-0.0008849165,0.0018064765,0.0043832219,-0.0084259968,0.0023513765,-0.0107773733,-0.0659818214,-0.0145964841,0.0359202292,0.9132409021,0.1874924856,1.1007333877,68.1934850247
voc,yolo11x,fog,5,area,4952,0.0091324090,0.0038269993,0.0007325120,0.0037374819,0.0067472417,-0.0435397839,0.0048096029,-0.0483493868,-0.0777306097,-0.0344457222,0.0094552608,0.9132409021,0.3826999330,1.2959408350,67.1149545489
voc,yolo11x,gaussian_noise,1,area,4952,0.0091324090,0.0040910970,0.0011799312,0.0040779178,0.0070207739,-0.0331387567,0.0053502453,-0.0384890020,-0.0794889112,-0.0289878799,0.0209153068,0.9132409021,0.4091097012,1.3223506033,66.4425906924
voc,yolo11x,gaussian_noise,3,area,4952,0.0091324090,0.0087685522,0.0051739259,0.0086077458,0.0121488257,-0.0138469537,0.0093600455,-0.0232069992,-0.0765369140,-0.0234345523,0.0242853843,0.9132409021,0.8768552199,1.7900961219,57.5568709055
voc,yolo11x,gaussian_noise,5,area,4952,0.0091324090,0.0079729991,0.0038959509,0.0081822627,0.0122559049,-0.0559885786,0.0114940042,-0.0674825827,-0.1000280562,-0.0519453606,-0.0105926986,0.9132409021,0.7972999134,1.7105408155,34.1556049573
voc,yolo11x,jpeg,1,area,4952,0.0091324090,-0.0002733287,-0.0027581004,-0.0003442480,0.0021365379,-0.0422502614,-0.0009428395,-0.0413074219,-0.0670591718,-0.0259162875,0.0041503653,0.9132409021,-0.0273328664,0.8859080357,68.1498859943
voc,yolo11x,jpeg,3,area,4952,0.0091324090,-0.0009281488,-0.0039932351,-0.0009487949,0.0021533619,-0.0390561824,0.0001639461,-0.0392201285,-0.0681070812,-0.0263307013,0.0066753799,0.9132409021,-0.0928148775,0.8204260245,66.3779150277
voc,yolo11x,jpeg,5,area,4952,0.0091324090,-0.0309627741,-0.0354748254,-0.0309515043,-0.0265057050,-0.0518996527,-0.0357480515,-0.0161516013,-0.0521281108,0.0007686096,0.0497785015,0.9132409021,-3.0962774109,-2.1830365088,49.2733685317
voc,yolo11x,motion_blur,1,area,4952,0.0091324090,0.0034315412,-0.0000914920,0.0035914553,0.0073693981,-0.0187253134,0.0054341113,-0.0241594247,-0.0898494498,-0.0233294274,0.0424044002,0.9132409021,0.3431541197,1.2563950218,61.3686640741
voc,yolo11x,motion_blur,3,area,4952,0.0091324090,0.0147651673,0.0112667482,0.0153689792,0.0195652708,-0.0416968734,0.0211112046,-0.0628080780,-0.0898573014,-0.0494829761,-0.0186595064,0.9132409021,1.4765167334,2.3897576354,23.9879853787
voc,yolo11x,motion_blur,5,area,4952,0.0091324090,0.0019750789,-0.0017340572,0.0019588722,0.0055780049,-0.0421517520,0.0058532412,-0.0480049933,-0.0740386031,-0.0335155335,-0.0031001589,0.9132409021,0.1975078927,1.1107487947,6.0805736927
