dataset,model,precision,corruption,severity,clean_ap_native,corrupt_ap_native,d_native,clean_metric_sha256,corrupt_metric_sha256
coco,yolo11m,int8-entropy,fog,1,0.48821302844845793,0.48339378243058934,0.004819246017868595,d42e7029b121dc78f82aad119e55c50987d06e2e82949fdb34c019a1e4a2731d,993d998fd21194876fed16fefcf734eec613aaf785a255a0960a916baddac89e
coco,yolo11m,fp8,fog,1,0.5005328479281086,0.4957835129010085,0.004749335027100066,3b99b00c4fe96f3c2949e82dd942fc23470640b1a14ab3097061df084f8586e1,3378328fd30f96bfd094d54a0d1db2f90293f1c8656d5abcc879bb785478bbd2
coco,yolo11m,int8-entropy,fog,3,0.48821302844845793,0.4792197763272324,0.008993252121225537,d42e7029b121dc78f82aad119e55c50987d06e2e82949fdb34c019a1e4a2731d,8cf119a72a058307478250f8a44bf82ba4e185691c596d1a516fb5531fb71fa4
coco,yolo11m,fp8,fog,3,0.5005328479281086,0.4928826410119521,0.007650206916156477,3b99b00c4fe96f3c2949e82dd942fc23470640b1a14ab3097061df084f8586e1,519a6ab67515324a4e86567d20c6b54502fc6dcf8cadac9faad04460078edcee
coco,yolo11m,int8-entropy,fog,5,0.48821302844845793,0.4726791962714292,0.01553383217702875,d42e7029b121dc78f82aad119e55c50987d06e2e82949fdb34c019a1e4a2731d,6e4fff1e04164b636b0c8ecf58d4cb41c663634a096a3643f9e9cd14c32fa2a1
coco,yolo11m,fp8,fog,5,0.5005328479281086,0.4887434103862835,0.011789437541825099,3b99b00c4fe96f3c2949e82dd942fc23470640b1a14ab3097061df084f8586e1,2d1ef9c45e78aa1475f388b08cb054ec3cf5704e7ba2207c06f38b74ea63b26c
coco,yolo11m,int8-entropy,gaussian_noise,1,0.48821302844845793,0.46819775353941534,0.02001527490904259,d42e7029b121dc78f82aad119e55c50987d06e2e82949fdb34c019a1e4a2731d,cc40298875c6daba5b8f5fbcbd9ffb7380ffa4e6c4a85dc7cae1f2f5bf7c6f29
coco,yolo11m,fp8,gaussian_noise,1,0.5005328479281086,0.47662492730531913,0.023907920622789458,3b99b00c4fe96f3c2949e82dd942fc23470640b1a14ab3097061df084f8586e1,0ebfbc35ce3bfc9361ba4f358e53d1343865c3ba0b387bbbd24af7dc9c51ed5f
coco,yolo11m,int8-entropy,gaussian_noise,3,0.48821302844845793,0.41310321118942667,0.07510981725903126,d42e7029b121dc78f82aad119e55c50987d06e2e82949fdb34c019a1e4a2731d,df81607d77d3f7526993a74bd64c93afeff6ee9b3d50397a4e6ad84d428e651f
coco,yolo11m,fp8,gaussian_noise,3,0.5005328479281086,0.4215395929107397,0.07899325501736887,3b99b00c4fe96f3c2949e82dd942fc23470640b1a14ab3097061df084f8586e1,79d6842d35d09780e165902e0fa1a8abb2d94d29d4b00c56e882ebaf552a19a7
coco,yolo11m,int8-entropy,gaussian_noise,5,0.48821302844845793,0.29753441654442697,0.19067861190403096,d42e7029b121dc78f82aad119e55c50987d06e2e82949fdb34c019a1e4a2731d,e1f5353fc67cc6747346e4788adced461cd579fe52857272aa2acece9b92d3bd
coco,yolo11m,fp8,gaussian_noise,5,0.5005328479281086,0.2986924585414946,0.20184038938661397,3b99b00c4fe96f3c2949e82dd942fc23470640b1a14ab3097061df084f8586e1,ad84fd492ce8c1b99f5611d4f6bf6cd4e8be765cf48965934c774bd4eb0c1760
coco,yolo11m,int8-entropy,jpeg,1,0.48821302844845793,0.46052330669159,0.027689721756867958,d42e7029b121dc78f82aad119e55c50987d06e2e82949fdb34c019a1e4a2731d,491e414dfc3b67f65e3bcf4940c4e7b69e9a09e5d9a28f410e68dafd576fe26b
coco,yolo11m,fp8,jpeg,1,0.5005328479281086,0.47932945424654866,0.021203393681559934,3b99b00c4fe96f3c2949e82dd942fc23470640b1a14ab3097061df084f8586e1,67b2a74473ce6600e98f91253897421960097992f4ae65e8306939f216c64ca1
coco,yolo11m,int8-entropy,jpeg,3,0.48821302844845793,0.3895063362309878,0.09870669221747014,d42e7029b121dc78f82aad119e55c50987d06e2e82949fdb34c019a1e4a2731d,7b128893611260fa2571c02c169a0ca9edcd74c0f21850c4c3b6b8039c6b50eb
coco,yolo11m,fp8,jpeg,3,0.5005328479281086,0.42193808536272265,0.07859476256538594,3b99b00c4fe96f3c2949e82dd942fc23470640b1a14ab3097061df084f8586e1,d5e0a8fc95003a23f5f649a1894e1e038bdb3007d6af7d73fc946081ae92a777
coco,yolo11m,int8-entropy,jpeg,5,0.48821302844845793,0.17108783359274546,0.31712519485571244,d42e7029b121dc78f82aad119e55c50987d06e2e82949fdb34c019a1e4a2731d,83ce37ad00d76c8cf722df56e921ee256ed1c3b292d9d2e43e9289894bc7505e
coco,yolo11m,fp8,jpeg,5,0.5005328479281086,0.18912819687968496,0.31140465104842363,3b99b00c4fe96f3c2949e82dd942fc23470640b1a14ab3097061df084f8586e1,b1738a058ef810b698cd815d631bea6c742cb7241ba2c4c8f153968a0ceb2159
coco,yolo11m,int8-entropy,motion_blur,1,0.48821302844845793,0.4218972703938495,0.06631575805460843,d42e7029b121dc78f82aad119e55c50987d06e2e82949fdb34c019a1e4a2731d,e983946fd7c185f11d7e358355f94434a6af1323482485b98882833965da00f2
coco,yolo11m,fp8,motion_blur,1,0.5005328479281086,0.43921628403854235,0.061316563889566245,3b99b00c4fe96f3c2949e82dd942fc23470640b1a14ab3097061df084f8586e1,4f0ec99b08c6d2759579ebe29a1081043794bb7ba34f5482b9457773d4f4ff4f
coco,yolo11m,int8-entropy,motion_blur,3,0.48821302844845793,0.218340462678431,0.26987256577002694,d42e7029b121dc78f82aad119e55c50987d06e2e82949fdb34c019a1e4a2731d,22d85505fa1cddb92ed5a2da451be1bab6df3ddf04886d0e25897604500aabd8
coco,yolo11m,fp8,motion_blur,3,0.5005328479281086,0.2433650599586175,0.2571677879694911,3b99b00c4fe96f3c2949e82dd942fc23470640b1a14ab3097061df084f8586e1,b0aba616ad5ff5980a4e50105d8bf13d58a86ca29d8ec91b3767dc02d54a98d0
coco,yolo11m,int8-entropy,motion_blur,5,0.48821302844845793,0.09043595874776308,0.3977770697006948,d42e7029b121dc78f82aad119e55c50987d06e2e82949fdb34c019a1e4a2731d,6806424efb7a9ec21d8a3a26456f9ec92a4f4ad42205375c6890973d8c11d666
coco,yolo11m,fp8,motion_blur,5,0.5005328479281086,0.10635336658763832,0.39417948134047026,3b99b00c4fe96f3c2949e82dd942fc23470640b1a14ab3097061df084f8586e1,bae73cd826d6a83024beb6e2ec0161c0521e988294a51a0d57f2d3dd428d1703
coco,yolo11n,int8-entropy,fog,1,0.3665320370711663,0.3609616473425008,0.00557038972866547,50bc481795941966ca46d0cd78facca2811f0e77a83c5bcf4aa6c4c7e38487c7,f3e4ed19e271c63308c6cacdf341f8305eb751e9e0427e21425dc55bf7df41fd
coco,yolo11n,fp8,fog,1,0.3780963381874539,0.37221494652352827,0.00588139166392565,52248f901ecac02b3080421d147b89c4bde8bd0ff47677db2f757b4487fe2691,06ba82301c9a4105e5baa7a2087439c337dffcdf9ba962f553751d384c221f0d
coco,yolo11n,int8-entropy,fog,3,0.3665320370711663,0.35302369193887223,0.013508345132294042,50bc481795941966ca46d0cd78facca2811f0e77a83c5bcf4aa6c4c7e38487c7,6f5c245ed7699e36706974ca278ee5121878d1158093768fc556cc21df6ff38e
coco,yolo11n,fp8,fog,3,0.3780963381874539,0.3641286925844827,0.013967645602971202,52248f901ecac02b3080421d147b89c4bde8bd0ff47677db2f757b4487fe2691,4bd5fb6994993d015cb12bd76495e20cffc8cb25bbb70fd93087444f0f61d208
coco,yolo11n,int8-entropy,fog,5,0.3665320370711663,0.3414974849946078,0.02503455207655847,50bc481795941966ca46d0cd78facca2811f0e77a83c5bcf4aa6c4c7e38487c7,674c011135ecebf850d790b76908cb6112c64f79dfcc4cbe710c8ebda3654cfd
coco,yolo11n,fp8,fog,5,0.3780963381874539,0.35376092555679123,0.02433541263066269,52248f901ecac02b3080421d147b89c4bde8bd0ff47677db2f757b4487fe2691,e8b38b2131d86e93d6f4a71d4a3f71712ed9607f2fd1c85bf53160b750de9e97
coco,yolo11n,int8-entropy,gaussian_noise,1,0.3665320370711663,0.34565263145734254,0.02087940561382373,50bc481795941966ca46d0cd78facca2811f0e77a83c5bcf4aa6c4c7e38487c7,e364548e6632b6daec660a44039540bf129a46745079f8450e2038abb04f3a8d
coco,yolo11n,fp8,gaussian_noise,1,0.3780963381874539,0.35440124786040733,0.023695090327046586,52248f901ecac02b3080421d147b89c4bde8bd0ff47677db2f757b4487fe2691,4f274887256e1f1dff78da1fea3d4ddecdbde0ea1fc0f55687a0d729ec0d9b90
coco,yolo11n,int8-entropy,gaussian_noise,3,0.3665320370711663,0.26776624974072205,0.09876578733044422,50bc481795941966ca46d0cd78facca2811f0e77a83c5bcf4aa6c4c7e38487c7,6698342b952ac50e3eaa9bc062df78b3ba606fa315ea8e0a48ad4985a9501d15
coco,yolo11n,fp8,gaussian_noise,3,0.3780963381874539,0.27506993622447673,0.10302640196297719,52248f901ecac02b3080421d147b89c4bde8bd0ff47677db2f757b4487fe2691,aa7d3f1b5e0e5bf07e51008093ad1b82368e1929b7dc96956823a0d5e21f121f
coco,yolo11n,int8-entropy,gaussian_noise,5,0.3665320370711663,0.11986642833736119,0.24666560873380508,50bc481795941966ca46d0cd78facca2811f0e77a83c5bcf4aa6c4c7e38487c7,4db57d20a732555b94b35d5e212e76a4d25b65245edecc2c6471476870c9f998
coco,yolo11n,fp8,gaussian_noise,5,0.3780963381874539,0.12829095382272443,0.2498053843647295,52248f901ecac02b3080421d147b89c4bde8bd0ff47677db2f757b4487fe2691,aac75a3f7166f072511fad1e403b34e5b4ef7a0053e2688ae52445225a871e16
coco,yolo11n,int8-entropy,jpeg,1,0.3665320370711663,0.3566638410088935,0.009868196062272794,50bc481795941966ca46d0cd78facca2811f0e77a83c5bcf4aa6c4c7e38487c7,b93eee01146662d15e0cffd78916729192a0196fa2b2d7a84f9fc2fb75029de6
coco,yolo11n,fp8,jpeg,1,0.3780963381874539,0.368240900605883,0.009855437581570925,52248f901ecac02b3080421d147b89c4bde8bd0ff47677db2f757b4487fe2691,93a9a5b565508f6552d0240d2f9c0298cdf3e31fc0d7978ea48d81b488ec3efc
coco,yolo11n,int8-entropy,jpeg,3,0.3665320370711663,0.3375589701256572,0.02897306694550905,50bc481795941966ca46d0cd78facca2811f0e77a83c5bcf4aa6c4c7e38487c7,da5face9f90751c67b0feaf0fd91b38ea02cb11ad65d26d485282a1ad01e4b76
coco,yolo11n,fp8,jpeg,3,0.3780963381874539,0.34621499897825775,0.03188133920919617,52248f901ecac02b3080421d147b89c4bde8bd0ff47677db2f757b4487fe2691,34203c9e162ed71de878bf322438cffc09e1b04e3ae7fbf8b561789e574b8b89
coco,yolo11n,int8-entropy,jpeg,5,0.3665320370711663,0.2164084868227273,0.15012355024843899,50bc481795941966ca46d0cd78facca2811f0e77a83c5bcf4aa6c4c7e38487c7,52bac03d651db828a86d28a3604737c5ae2ceaa5fa5bd0c9fc321d7592047aa6
coco,yolo11n,fp8,jpeg,5,0.3780963381874539,0.21340546786799625,0.16469087031945767,52248f901ecac02b3080421d147b89c4bde8bd0ff47677db2f757b4487fe2691,0baeebc601035e7c192e5cccfad8d783e255737f9088a63fd64a78364c73421f
coco,yolo11n,int8-entropy,motion_blur,1,0.3665320370711663,0.3142037282977618,0.0523283087734045,50bc481795941966ca46d0cd78facca2811f0e77a83c5bcf4aa6c4c7e38487c7,378f377ab5255e065e9a8d51a2571e1c471c96543d4a63553f4311589dbc749c
coco,yolo11n,fp8,motion_blur,1,0.3780963381874539,0.3232123119672406,0.05488402622021332,52248f901ecac02b3080421d147b89c4bde8bd0ff47677db2f757b4487fe2691,c0e818bc4269ef07d9bb352a755362df750962f11e6994b739cf5b8e0f082b66
coco,yolo11n,int8-entropy,motion_blur,3,0.3665320370711663,0.14563823317259922,0.22089380389856705,50bc481795941966ca46d0cd78facca2811f0e77a83c5bcf4aa6c4c7e38487c7,2e01993e446070c988eb18165ac0c4b8cc9288e86b2684d4141e4d9f57a7bb78
coco,yolo11n,fp8,motion_blur,3,0.3780963381874539,0.14966144724872402,0.2284348909387299,52248f901ecac02b3080421d147b89c4bde8bd0ff47677db2f757b4487fe2691,c7f68cc30b88878aaaefc0afcc7fff95de2641aebba7b2dd9b9e4ec229905e05
coco,yolo11n,int8-entropy,motion_blur,5,0.3665320370711663,0.055448712799458136,0.31108332427170815,50bc481795941966ca46d0cd78facca2811f0e77a83c5bcf4aa6c4c7e38487c7,dda5ee3cfd91e6b2a500c12c81c7654a8ed7c38bd9d456877f84f4157e8d6be1
coco,yolo11n,fp8,motion_blur,5,0.3780963381874539,0.056712153282832814,0.3213841849046211,52248f901ecac02b3080421d147b89c4bde8bd0ff47677db2f757b4487fe2691,2d579e4f896b7ade7f097670264c493a4a38596b2cecfd6d9fdb36b20f9a8881
coco,yolo11x,int8-entropy,fog,1,0.5255690163235607,0.5237730892015736,0.001795927121987062,388264898ccf423b199e1a07c232c8026453d04cebba2d64a796cda00d4d8a0a,6d1cfb8982def5880eb891727e015ddaa68b5a7c86dde32e87322135b0c165a5
coco,yolo11x,fp8,fog,1,0.5346736541543164,0.5316493661065657,0.0030242880477507894,67a28953e3b48ebf1e86bbd077ce53a35ed24137d02d4275b29195c13381f6cb,59520aa2ea62dbc20f0b11635eb344ce95b6daf8c5c2d7b22d047e82e2f683c3
coco,yolo11x,int8-entropy,fog,3,0.5255690163235607,0.5189027415785505,0.006666274745010137,388264898ccf423b199e1a07c232c8026453d04cebba2d64a796cda00d4d8a0a,e5f28a0417c09d6a34eba351b0e1641707f6c64bfa3328695d4724f1cf0af885
coco,yolo11x,fp8,fog,3,0.5346736541543164,0.5278371674344788,0.006836486719837609,67a28953e3b48ebf1e86bbd077ce53a35ed24137d02d4275b29195c13381f6cb,8bfdbb75ad3bde8bf8bb6746da300e52f4625d85b73629c26a6724f1ed1b5463
coco,yolo11x,int8-entropy,fog,5,0.5255690163235607,0.5164564121406985,0.009112604182862194,388264898ccf423b199e1a07c232c8026453d04cebba2d64a796cda00d4d8a0a,3086bd05ed329f0d3bd36c6310cf0386c7bb362451e8a7b9ca68d47a669e6bb4
coco,yolo11x,fp8,fog,5,0.5346736541543164,0.5263804105410265,0.00829324361328998,67a28953e3b48ebf1e86bbd077ce53a35ed24137d02d4275b29195c13381f6cb,2c27dc4a30f01835bcff0bdd6b83396e05fde6ed53b41cd2efd3b56e2f141729
coco,yolo11x,int8-entropy,gaussian_noise,1,0.5255690163235607,0.5061350069000514,0.019434009423509258,388264898ccf423b199e1a07c232c8026453d04cebba2d64a796cda00d4d8a0a,c314b4deb180b0bc54fa44db88e009e5d49d9e456315d87b439a8c92571f58a2
coco,yolo11x,fp8,gaussian_noise,1,0.5346736541543164,0.5167915109481243,0.01788214320619219,67a28953e3b48ebf1e86bbd077ce53a35ed24137d02d4275b29195c13381f6cb,b22d203652c2c9b05ed6c2b09f8e869fe798c5ba50692e63ab8c68e645764bf3
coco,yolo11x,int8-entropy,gaussian_noise,3,0.5255690163235607,0.4581371363746429,0.0674318799489178,388264898ccf423b199e1a07c232c8026453d04cebba2d64a796cda00d4d8a0a,13fc522c5685d3e4b8456aefc140daef0880620b11171bf7e5eb478a56966dd8
coco,yolo11x,fp8,gaussian_noise,3,0.5346736541543164,0.46976717821916536,0.06490647593515109,67a28953e3b48ebf1e86bbd077ce53a35ed24137d02d4275b29195c13381f6cb,ca160d7453dd42804e9370b5501fb1f308521172a77a95f5fdfa8d7c65b74664
coco,yolo11x,int8-entropy,gaussian_noise,5,0.5255690163235607,0.3648261266284001,0.1607428896951606,388264898ccf423b199e1a07c232c8026453d04cebba2d64a796cda00d4d8a0a,0c5401179945af62b5a8fc6985861fa61586766d5b15780476aea2db3d6a30a4
coco,yolo11x,fp8,gaussian_noise,5,0.5346736541543164,0.3649902544438604,0.16968339971045604,67a28953e3b48ebf1e86bbd077ce53a35ed24137d02d4275b29195c13381f6cb,2009c8c71acaefe9e4a514401932dab92e7008fb8b0f04b0c23edbb31a876c3f
coco,yolo11x,int8-entropy,jpeg,1,0.5255690163235607,0.5081956414854157,0.01737337483814494,388264898ccf423b199e1a07c232c8026453d04cebba2d64a796cda00d4d8a0a,fa51f7672a483bc89a1c7ea0c66b779227812880e15f45c04f064ecf2cff9838
coco,yolo11x,fp8,jpeg,1,0.5346736541543164,0.5154324369062417,0.019241217248074705,67a28953e3b48ebf1e86bbd077ce53a35ed24137d02d4275b29195c13381f6cb,b40f9632fd4f0a82f35b55e3d5735376a676fffc24af5b56305105729b19935a
coco,yolo11x,int8-entropy,jpeg,3,0.5255690163235607,0.47020329448327336,0.05536572184028732,388264898ccf423b199e1a07c232c8026453d04cebba2d64a796cda00d4d8a0a,c197c7d06a73d141cdb51d90dbfa0ef03be3eab44e347a0a5ee6b87f4d6c604d
coco,yolo11x,fp8,jpeg,3,0.5346736541543164,0.4668936006303454,0.06778005352397104,67a28953e3b48ebf1e86bbd077ce53a35ed24137d02d4275b29195c13381f6cb,2f420fe18f8258aa7280320274026af6e9bc0383c0afc804e3f767032cae000d
coco,yolo11x,int8-entropy,jpeg,5,0.5255690163235607,0.24460659357625095,0.28096242274730976,388264898ccf423b199e1a07c232c8026453d04cebba2d64a796cda00d4d8a0a,df97739d73b9ebb5e5c428e0dd6bb7a74a60ed40f1c07703e76bc46fece3bf41
coco,yolo11x,fp8,jpeg,5,0.5346736541543164,0.21141892203816054,0.3232547321161559,67a28953e3b48ebf1e86bbd077ce53a35ed24137d02d4275b29195c13381f6cb,1ef528b9db0bcf4a4eecef0fcebb1eb228bda3b667cc0d38e6c393a70c453018
coco,yolo11x,int8-entropy,motion_blur,1,0.5255690163235607,0.467208661272389,0.05836035505117165,388264898ccf423b199e1a07c232c8026453d04cebba2d64a796cda00d4d8a0a,d81965f6c8668a3e9ef68675cc311db91ac687e79ceca0b0efaea0b563b9fafd
coco,yolo11x,fp8,motion_blur,1,0.5346736541543164,0.47725695100204946,0.05741670315226699,67a28953e3b48ebf1e86bbd077ce53a35ed24137d02d4275b29195c13381f6cb,0e18e8d76c610d3ac7ef6b37d582073acb5763bede9a1fef1b2f07c62e0384d6
coco,yolo11x,int8-entropy,motion_blur,3,0.5255690163235607,0.2776486356816007,0.24792038064195998,388264898ccf423b199e1a07c232c8026453d04cebba2d64a796cda00d4d8a0a,9c2e5a7fbd478946897c79040ee7aa9dd69e6ba790470fe686e67a4a96e38131
coco,yolo11x,fp8,motion_blur,3,0.5346736541543164,0.287105207369365,0.24756844678495143,67a28953e3b48ebf1e86bbd077ce53a35ed24137d02d4275b29195c13381f6cb,e730e073c18785bdda65ef1b814ffdaabc1e9d90577a5dc0ec3a612be739768a
coco,yolo11x,int8-entropy,motion_blur,5,0.5255690163235607,0.1312990977604856,0.3942699185630751,388264898ccf423b199e1a07c232c8026453d04cebba2d64a796cda00d4d8a0a,84657245632fd37cec93464945f9c59a75eafcb88b607cbf21f4daa427827c33
coco,yolo11x,fp8,motion_blur,5,0.5346736541543164,0.1421436218958194,0.39253003225849703,67a28953e3b48ebf1e86bbd077ce53a35ed24137d02d4275b29195c13381f6cb,79350a4120ba75a902489794bcac3931217ced027055fbadd3daed78e231d13d
kitti,yolo11m,int8-entropy,fog,1,0.6934168951443126,0.6432809043904889,0.05013599075382369,d7a986f97f2d453c029217e5d019a2b3a840020a6f97af82a6c8c8edda124120,aa1c3c0b300ed5e038aac8697ca020d6b474431c1788d432be5503d5d8547ba4
kitti,yolo11m,fp8,fog,1,0.7330840580471837,0.6773438806351472,0.05574017741203652,978b16d811f2842922bd7d54363ca6355792ee38ad98533035fec0d48f69e1a2,e0806df5617fc1f112bdbadd1a2e0a5d5183f56c068892a81142fcf64a85d5cf
kitti,yolo11m,int8-entropy,fog,3,0.6934168951443126,0.5600409883496031,0.13337590679470945,d7a986f97f2d453c029217e5d019a2b3a840020a6f97af82a6c8c8edda124120,ee4e346d0d5d32bd66b8f9a6b994d324bba4afa30a0828514e0dcee60791bf60
kitti,yolo11m,fp8,fog,3,0.7330840580471837,0.6015064481336536,0.13157760991353007,978b16d811f2842922bd7d54363ca6355792ee38ad98533035fec0d48f69e1a2,b4bb7d98fe9e8a6d38cf7ce5eaa84e0b89fd00629e4777045880c82921cac5d0
kitti,yolo11m,int8-entropy,fog,5,0.6934168951443126,0.4654806431174376,0.227936252026875,d7a986f97f2d453c029217e5d019a2b3a840020a6f97af82a6c8c8edda124120,3fa4d74c3e6a25d807da2420eeccbbac4d1958a07184f30e75e5cf8df79dd40c
kitti,yolo11m,fp8,fog,5,0.7330840580471837,0.5204042136161099,0.2126798444310738,978b16d811f2842922bd7d54363ca6355792ee38ad98533035fec0d48f69e1a2,25e6095bf4cd2ac43b733ad9fa6ee43a710619a61c002752b7d6a0064904405b
kitti,yolo11m,int8-entropy,gaussian_noise,1,0.6934168951443126,0.5853309807791057,0.10808591436520687,d7a986f97f2d453c029217e5d019a2b3a840020a6f97af82a6c8c8edda124120,d5dcb7483ccb95d5926277eeea529b4ea2304251241ea951bb8968b1f9285f66
kitti,yolo11m,fp8,gaussian_noise,1,0.7330840580471837,0.6516971428665272,0.08138691518065644,978b16d811f2842922bd7d54363ca6355792ee38ad98533035fec0d48f69e1a2,1f3b828628fa5c7b5582df04d26f1161096337f0e27d5bba082311fe701f5f8f
kitti,yolo11m,int8-entropy,gaussian_noise,3,0.6934168951443126,0.24906946248535994,0.44434743265895266,d7a986f97f2d453c029217e5d019a2b3a840020a6f97af82a6c8c8edda124120,bca7ad337d1fcedd3fe431c3b2e41f908387b0f0490f885f566b5313e9a9b290
kitti,yolo11m,fp8,gaussian_noise,3,0.7330840580471837,0.28541849306494244,0.44766556498224125,978b16d811f2842922bd7d54363ca6355792ee38ad98533035fec0d48f69e1a2,503d6172931fb1cbc35122dac78331d3e0df7958ed09f91deb29ae28f721f423
kitti,yolo11m,int8-entropy,gaussian_noise,5,0.6934168951443126,0.02454921213308857,0.668867683011224,d7a986f97f2d453c029217e5d019a2b3a840020a6f97af82a6c8c8edda124120,00f06428a9b2e4b1a95615ac5af4f6380dc8b7937721308277f9ed1c979a2740
kitti,yolo11m,fp8,gaussian_noise,5,0.7330840580471837,0.02763559442565727,0.7054484636215265,978b16d811f2842922bd7d54363ca6355792ee38ad98533035fec0d48f69e1a2,3327afe5c96dccf24a68853399effef41b49e16f6a614d7510d0dbb1cc63a4f9
kitti,yolo11m,int8-entropy,jpeg,1,0.6934168951443126,0.6880862943250469,0.0053306008192657295,d7a986f97f2d453c029217e5d019a2b3a840020a6f97af82a6c8c8edda124120,864d3df3b3acf237c4799aa0e8bbf20829cb0dd20111ef007a545a5a452ceff3
kitti,yolo11m,fp8,jpeg,1,0.7330840580471837,0.7236631434807707,0.00942091456641303,978b16d811f2842922bd7d54363ca6355792ee38ad98533035fec0d48f69e1a2,f9a4e6079365023f29441eb48fbf517a9b4a665ffd91732eac9174e563f34f24
kitti,yolo11m,int8-entropy,jpeg,3,0.6934168951443126,0.6762636328834001,0.017153262260912516,d7a986f97f2d453c029217e5d019a2b3a840020a6f97af82a6c8c8edda124120,e30a230d229f092ef7110ed0a2104ec04b9f656527f26a26c41e15099b157125
kitti,yolo11m,fp8,jpeg,3,0.7330840580471837,0.722143159054289,0.010940898992894632,978b16d811f2842922bd7d54363ca6355792ee38ad98533035fec0d48f69e1a2,811b9b673d5c00b52c9051a87ea3eb610460e9e7820adc766eb3d615bf90c3fd
kitti,yolo11m,int8-entropy,jpeg,5,0.6934168951443126,0.6584558818604759,0.03496101328383672,d7a986f97f2d453c029217e5d019a2b3a840020a6f97af82a6c8c8edda124120,b7a0d4ad854d6910733ff7bb79a1ec49bb58142ca050622bf79bd1d7c8b968bc
kitti,yolo11m,fp8,jpeg,5,0.7330840580471837,0.696552118558879,0.03653193948830469,978b16d811f2842922bd7d54363ca6355792ee38ad98533035fec0d48f69e1a2,6faacb58f25a5e5626e89c90229ab792f2f00268a74669c17cd67b06d78d4a6f
kitti,yolo11m,int8-entropy,motion_blur,1,0.6934168951443126,0.6749871482050466,0.018429746939266023,d7a986f97f2d453c029217e5d019a2b3a840020a6f97af82a6c8c8edda124120,3eb86b04717e930d1e49678c9982a8637db4d0c4656d5d9783f32b327d0922f1
kitti,yolo11m,fp8,motion_blur,1,0.7330840580471837,0.7107570345751308,0.022327023472052843,978b16d811f2842922bd7d54363ca6355792ee38ad98533035fec0d48f69e1a2,bf314fd9ecfc1b2737298909c3028ef04dfe0983db9786ea29699eaee3d693b4
kitti,yolo11m,int8-entropy,motion_blur,3,0.6934168951443126,0.3359226480503013,0.3574942470940113,d7a986f97f2d453c029217e5d019a2b3a840020a6f97af82a6c8c8edda124120,67402cbfc2bdcd560ebfafa449859d4cc4e80b386b2b6a93db97aa8b553dbd08
kitti,yolo11m,fp8,motion_blur,3,0.7330840580471837,0.3419329504680613,0.39115110757912236,978b16d811f2842922bd7d54363ca6355792ee38ad98533035fec0d48f69e1a2,826a15ff0fa17214a80ea0155aed9dbf3b19a91a9b98077365847bc779b8210a
kitti,yolo11m,int8-entropy,motion_blur,5,0.6934168951443126,0.09014598131761474,0.6032709138266978,d7a986f97f2d453c029217e5d019a2b3a840020a6f97af82a6c8c8edda124120,c70b76b0743feaa26504944ebdd4b9450154600d25a5e16cd184aacbe424256b
kitti,yolo11m,fp8,motion_blur,5,0.7330840580471837,0.0870024042350909,0.6460816538120928,978b16d811f2842922bd7d54363ca6355792ee38ad98533035fec0d48f69e1a2,a139cb31a0cec91f23476db5a3b6d2df5e9c018901a2c59a3da06f5520c85887
kitti,yolo11n,int8-entropy,fog,1,0.6168760538744196,0.5647621962679278,0.05211385760649179,57e9dabffe274fdb743f42bd58d25ff5d4d542f59b65015ad13dd9d12514539e,34fde9b7d4a4a91c28398e8cc576d55775999b5ab7b9201137746de22bbf5cfc
kitti,yolo11n,fp8,fog,1,0.6382511286481714,0.582147018154208,0.056104110493963355,01f4adce4cb7e9d3bad65a806da496ce310d7443c0209712a32b3ada2030a596,c043f4f7d368946b5030d0fcc0cbea16257da2a885b8810fa8ccdd4c5042c893
kitti,yolo11n,int8-entropy,fog,3,0.6168760538744196,0.44463637441639836,0.1722396794580212,57e9dabffe274fdb743f42bd58d25ff5d4d542f59b65015ad13dd9d12514539e,4aab9066fdd7d940de8f7c266a416d4dcf010f80c51af4442e7aea3e1d8b6178
kitti,yolo11n,fp8,fog,3,0.6382511286481714,0.47219955716725204,0.1660515714809193,01f4adce4cb7e9d3bad65a806da496ce310d7443c0209712a32b3ada2030a596,c92ba1f3d3108455bd40625b15a5c078f5850334f536ba8c57cf43fa0ea542ba
kitti,yolo11n,int8-entropy,fog,5,0.6168760538744196,0.2819616654106526,0.334914388463767,57e9dabffe274fdb743f42bd58d25ff5d4d542f59b65015ad13dd9d12514539e,3857986a7a7932b5e32fbf69367d99215ef9e90fcbf0f892aa25761919c01527
kitti,yolo11n,fp8,fog,5,0.6382511286481714,0.334364058529448,0.30388707011872335,01f4adce4cb7e9d3bad65a806da496ce310d7443c0209712a32b3ada2030a596,fc520023348b9d3ed5954288518721a974b92778e03162910c7afd28c0905cb7
kitti,yolo11n,int8-entropy,gaussian_noise,1,0.6168760538744196,0.5695028908606246,0.04737316301379502,57e9dabffe274fdb743f42bd58d25ff5d4d542f59b65015ad13dd9d12514539e,4a7eb52c717fc22e4dc5a75500278234e1d39d3794416da7910abcde69515d2a
kitti,yolo11n,fp8,gaussian_noise,1,0.6382511286481714,0.6005223998763398,0.03772872877183153,01f4adce4cb7e9d3bad65a806da496ce310d7443c0209712a32b3ada2030a596,6760d532e0ea6e616a98dce5b9eaa4e48555fcbd7a01b07cbbbc5ea89f4b7104
kitti,yolo11n,int8-entropy,gaussian_noise,3,0.6168760538744196,0.3578087950062335,0.25906725886818605,57e9dabffe274fdb743f42bd58d25ff5d4d542f59b65015ad13dd9d12514539e,191d9e3472a99d296969a34d94df008681876dcbd52fd873b0ae39effc921ea8
kitti,yolo11n,fp8,gaussian_noise,3,0.6382511286481714,0.3931241681934999,0.24512696045467147,01f4adce4cb7e9d3bad65a806da496ce310d7443c0209712a32b3ada2030a596,029d65e4be60de9c93db473306f7e158b7a5534cf9ae48eb65514c7343f00c86
kitti,yolo11n,int8-entropy,gaussian_noise,5,0.6168760538744196,0.06863274449623111,0.5482433093781884,57e9dabffe274fdb743f42bd58d25ff5d4d542f59b65015ad13dd9d12514539e,7a6a128bd433715ba7a47b2f73febd1e13f42a41bc20afc8855bcf3db57a0b3b
kitti,yolo11n,fp8,gaussian_noise,5,0.6382511286481714,0.07873841511872591,0.5595127135294454,01f4adce4cb7e9d3bad65a806da496ce310d7443c0209712a32b3ada2030a596,65eef2871642e374b8b8f9dcb6ed7879f1032fdfaf041294e3a8360ad1c306a4
kitti,yolo11n,int8-entropy,jpeg,1,0.6168760538744196,0.610733328759992,0.006142725114427594,57e9dabffe274fdb743f42bd58d25ff5d4d542f59b65015ad13dd9d12514539e,a5c9cd795474ba9a9d1d88b5b61bc1aad04ece13413f99d919b3f6643db0d65c
kitti,yolo11n,fp8,jpeg,1,0.6382511286481714,0.6337660991822199,0.004485029465951418,01f4adce4cb7e9d3bad65a806da496ce310d7443c0209712a32b3ada2030a596,ba9179e5f98fda8a7fc33443635a482c69926fc471258c0e0bb3783c4a692f1d
kitti,yolo11n,int8-entropy,jpeg,3,0.6168760538744196,0.6069075852812876,0.00996846859313194,57e9dabffe274fdb743f42bd58d25ff5d4d542f59b65015ad13dd9d12514539e,fc3c8c8d70c465e406b19b03898f7210de564483fe4f3664521c25641726199d
kitti,yolo11n,fp8,jpeg,3,0.6382511286481714,0.6274120646378796,0.010839064010291777,01f4adce4cb7e9d3bad65a806da496ce310d7443c0209712a32b3ada2030a596,c4615f6eeeabcfbd9b63fea12cb8a99358acdaa7737941ae9337e89000fbc2b6
kitti,yolo11n,int8-entropy,jpeg,5,0.6168760538744196,0.5868238233792089,0.030052230495210663,57e9dabffe274fdb743f42bd58d25ff5d4d542f59b65015ad13dd9d12514539e,74417fbf4f6e50fce18e6ea5009e82f0b894fa11a806882e320eabc97859acbf
kitti,yolo11n,fp8,jpeg,5,0.6382511286481714,0.6123684284773184,0.025882700170852924,01f4adce4cb7e9d3bad65a806da496ce310d7443c0209712a32b3ada2030a596,62a2c915b023a5494fa7f196cd7b123996b0bc8229ee4b935b823b3ce07c78f8
kitti,yolo11n,int8-entropy,motion_blur,1,0.6168760538744196,0.5985600626360856,0.01831599123833394,57e9dabffe274fdb743f42bd58d25ff5d4d542f59b65015ad13dd9d12514539e,eacac916d345e0f8a0964a3fb1fd99f40d2d2a8d4224ebc7bfcbdac362b34655
kitti,yolo11n,fp8,motion_blur,1,0.6382511286481714,0.6126418514042105,0.025609277243960893,01f4adce4cb7e9d3bad65a806da496ce310d7443c0209712a32b3ada2030a596,413413ddbe9cbd023bcd4004070bb16d721964d6154ea13db0c74bbfa7573dc0
kitti,yolo11n,int8-entropy,motion_blur,3,0.6168760538744196,0.28060068000297445,0.3362753738714451,57e9dabffe274fdb743f42bd58d25ff5d4d542f59b65015ad13dd9d12514539e,bdc4c1b2190c29d51b78ad0fd1af76c79725a78f3f65276399deb7ae95615777
kitti,yolo11n,fp8,motion_blur,3,0.6382511286481714,0.27490367814583594,0.3633474505023354,01f4adce4cb7e9d3bad65a806da496ce310d7443c0209712a32b3ada2030a596,fe03da3840453aadf53c50614cc3bc3928b070db1fc2b5d4128820b2dc14aff0
kitti,yolo11n,int8-entropy,motion_blur,5,0.6168760538744196,0.061078800463202174,0.5557972534112174,57e9dabffe274fdb743f42bd58d25ff5d4d542f59b65015ad13dd9d12514539e,0d2b3e39408c49345d4deb6cdf2cef4d70a7544a5c95ece9c1cfdc751d5673f8
kitti,yolo11n,fp8,motion_blur,5,0.6382511286481714,0.06546667299728891,0.5727844556508824,01f4adce4cb7e9d3bad65a806da496ce310d7443c0209712a32b3ada2030a596,df474aa13cf799cf0eae9c1abc0b8b809ea01551ced53063eac3d32d7711d029
kitti,yolo11x,int8-entropy,fog,1,0.7082145237106435,0.6624150351097657,0.04579948860087779,7213f4b6b725f817815baf2ccff9b68d632b35dcfdb4addc99f314301d55e9c9,94f9072f995db071578dde0181d84971402ad9b53c936ff34cecb569175088a3
kitti,yolo11x,fp8,fog,1,0.7225778021304365,0.6744066931349121,0.04817110899552446,746bc19eeb62421adf2e600ea618681ea3abcb01a3785dff60a244eef970945a,763e064fa021d4f0795c373b9f01a54d9c6759f1d9061bd453a3370c7154bfa9
kitti,yolo11x,int8-entropy,fog,3,0.7082145237106435,0.6086968711266243,0.09951765258401923,7213f4b6b725f817815baf2ccff9b68d632b35dcfdb4addc99f314301d55e9c9,05dcb7886244f78e697cbe0486b8a17ad082713b6d6468f803111df0b9f41599
kitti,yolo11x,fp8,fog,3,0.7225778021304365,0.6177906831960482,0.1047871189343883,746bc19eeb62421adf2e600ea618681ea3abcb01a3785dff60a244eef970945a,fd57c9c77c540e28118121e84be54bffbae48cad98942955355907d681e6143e
kitti,yolo11x,int8-entropy,fog,5,0.7082145237106435,0.5522485536345084,0.1559659700761351,7213f4b6b725f817815baf2ccff9b68d632b35dcfdb4addc99f314301d55e9c9,d25ec932eac5dc5ccea64f248ed91c72ecfa55183f06f3b1614fb67380649d15
kitti,yolo11x,fp8,fog,5,0.7225778021304365,0.5623088761684888,0.16026892596194775,746bc19eeb62421adf2e600ea618681ea3abcb01a3785dff60a244eef970945a,bb0d274f61aaac8e9a481b4278c6a9052d384d43f482d4aae4016c66db1503e6
kitti,yolo11x,int8-entropy,gaussian_noise,1,0.7082145237106435,0.6476893115999057,0.0605252121107378,7213f4b6b725f817815baf2ccff9b68d632b35dcfdb4addc99f314301d55e9c9,1392bda1fd652f08026969afcc21f2af9b096e31e3eb320dc4a6fba546aae20a
kitti,yolo11x,fp8,gaussian_noise,1,0.7225778021304365,0.6517873374457068,0.07079046468472971,746bc19eeb62421adf2e600ea618681ea3abcb01a3785dff60a244eef970945a,1f210631ea0837cdeb9c3242b9a58569479459547caf1838ead3de608ef9484e
kitti,yolo11x,int8-entropy,gaussian_noise,3,0.7082145237106435,0.35595295708999514,0.3522615666206484,7213f4b6b725f817815baf2ccff9b68d632b35dcfdb4addc99f314301d55e9c9,5a179f888eba6101805ccae7b31e3cbb2e67c3db3076f2973049feaccecb318e
kitti,yolo11x,fp8,gaussian_noise,3,0.7225778021304365,0.3454164966656351,0.3771613054648014,746bc19eeb62421adf2e600ea618681ea3abcb01a3785dff60a244eef970945a,78ab6912292f7d09ff940d73f24f74fc037d1879158e349bed547a00d66f261d
kitti,yolo11x,int8-entropy,gaussian_noise,5,0.7082145237106435,0.04425280054244886,0.6639617231681947,7213f4b6b725f817815baf2ccff9b68d632b35dcfdb4addc99f314301d55e9c9,b74b257089b65ea8bc1bcf613f4d9561c3ba9e14fcff111d3d960c0ee2b1445b
kitti,yolo11x,fp8,gaussian_noise,5,0.7225778021304365,0.03428124528791547,0.6882965568425211,746bc19eeb62421adf2e600ea618681ea3abcb01a3785dff60a244eef970945a,b183d70da5ff96ff7095f42371e1006953e0a3cef83648eb04cc63f22e51903e
kitti,yolo11x,int8-entropy,jpeg,1,0.7082145237106435,0.7055091659217384,0.0027053577889051272,7213f4b6b725f817815baf2ccff9b68d632b35dcfdb4addc99f314301d55e9c9,48f3f080c1d0902eec2c22d796f5611f031a1bad55266a861816a733f27dcd02
kitti,yolo11x,fp8,jpeg,1,0.7225778021304365,0.7203107424669855,0.0022670596634510876,746bc19eeb62421adf2e600ea618681ea3abcb01a3785dff60a244eef970945a,f2c61fbdd4367874225e16b9a678634fc311630b7f90f40715d0df0294a647e2
kitti,yolo11x,int8-entropy,jpeg,3,0.7082145237106435,0.7052808508252757,0.002933672885367833,7213f4b6b725f817815baf2ccff9b68d632b35dcfdb4addc99f314301d55e9c9,f42d5ea2058832c74aeb1e8f3e37a91c1b15281f96645a31bdd5b2366c9980c2
kitti,yolo11x,fp8,jpeg,3,0.7225778021304365,0.7139585081780688,0.008619293952367713,746bc19eeb62421adf2e600ea618681ea3abcb01a3785dff60a244eef970945a,e8844a24291cfa80f68112c6701318f1dbd75e09794a638fc369311f60421980
kitti,yolo11x,int8-entropy,jpeg,5,0.7082145237106435,0.6795074687789361,0.028707054931707443,7213f4b6b725f817815baf2ccff9b68d632b35dcfdb4addc99f314301d55e9c9,ed42f624de93fdf80ebf6c47b630e7cc89837aac9653fbb597b3dd76c83f38c0
kitti,yolo11x,fp8,jpeg,5,0.7225778021304365,0.6861577119251637,0.036420090205272815,746bc19eeb62421adf2e600ea618681ea3abcb01a3785dff60a244eef970945a,e1f04d41d0da3642da36582a58ebb509166b8f80e57d2bc74e8cde2ebbdfec02
kitti,yolo11x,int8-entropy,motion_blur,1,0.7082145237106435,0.682881300538413,0.025333223172230523,7213f4b6b725f817815baf2ccff9b68d632b35dcfdb4addc99f314301d55e9c9,c09d6323c5e8387fc45f2d7cc06771c3369138b4d34a22c46c14880af964e046
kitti,yolo11x,fp8,motion_blur,1,0.7225778021304365,0.7046812812171485,0.017896520913288083,746bc19eeb62421adf2e600ea618681ea3abcb01a3785dff60a244eef970945a,c292dc160aec991341121dc1bb691a64c3c150bff8e8648ae7e20f9740c84d30
kitti,yolo11x,int8-entropy,motion_blur,3,0.7082145237106435,0.3194567159420236,0.38875780776861996,7213f4b6b725f817815baf2ccff9b68d632b35dcfdb4addc99f314301d55e9c9,29eb80ed406afb35f19c919b73434c00cce17e025d1098e74fa56cfb49cd23f2
kitti,yolo11x,fp8,motion_blur,3,0.7225778021304365,0.3391781478506163,0.38339965427982026,746bc19eeb62421adf2e600ea618681ea3abcb01a3785dff60a244eef970945a,21c106a46f10edf699de1157f7da576ecce742bd0d4ca63f16dea5cd7b933a17
kitti,yolo11x,int8-entropy,motion_blur,5,0.7082145237106435,0.07258535287632407,0.6356291708343195,7213f4b6b725f817815baf2ccff9b68d632b35dcfdb4addc99f314301d55e9c9,01c9db3ae503a627b4b74f705db7b1e67a078195ee8400b51a5d08197aaa6713
kitti,yolo11x,fp8,motion_blur,5,0.7225778021304365,0.07517541744896357,0.6474023846814729,746bc19eeb62421adf2e600ea618681ea3abcb01a3785dff60a244eef970945a,1b48b8754e4d25e2d5dd431b243f3736de084aac3646e2bdd2239ab743305bc1
tt100k,yolo11m,int8-entropy,fog,1,0.5297389092562125,0.5174954714755426,0.01224343778066983,6cfafaf35914f5ae6df80cb3dbd7b7f5cf306f8beb25b16a2780c04a47ba3860,6bdf112fa976692d4556f2512b2c170a8a0d8c9b540492351250931c1e6ab2a4
tt100k,yolo11m,fp8,fog,1,0.5440375798440837,0.5395124862392309,0.00452509360485287,5bf32ba8f18be074afd1a56d4983bdd10d242721ef221df1a321654153bc0016,4b51a80e22736d85e21a59ebc749ae8794fa6b58ffb694df8d2424f25feb6510
tt100k,yolo11m,int8-entropy,fog,3,0.5297389092562125,0.5160479408866551,0.01369096836955741,6cfafaf35914f5ae6df80cb3dbd7b7f5cf306f8beb25b16a2780c04a47ba3860,43e0bea1c92bd3058822e9c160d19742b7d5def399497f702e6ab9e16002dfe4
tt100k,yolo11m,fp8,fog,3,0.5440375798440837,0.5431576876438313,0.000879892200252419,5bf32ba8f18be074afd1a56d4983bdd10d242721ef221df1a321654153bc0016,85aeebff8338ea2fc8e5e382c1d8e3a2117a7c259b56b8ff2a30db29e45b7f22
tt100k,yolo11m,int8-entropy,fog,5,0.5297389092562125,0.5110232354751412,0.018715673781071307,6cfafaf35914f5ae6df80cb3dbd7b7f5cf306f8beb25b16a2780c04a47ba3860,994bb497d06984e3f28a353f9fc329ca51f958a4c79507c9125f8b82976f0a4c
tt100k,yolo11m,fp8,fog,5,0.5440375798440837,0.5412164270733637,0.002821152770720037,5bf32ba8f18be074afd1a56d4983bdd10d242721ef221df1a321654153bc0016,ce9e4868453ac4b2fb60c64f07fe32768db10c3c096d98f2da6af79357b7b67a
tt100k,yolo11m,int8-entropy,gaussian_noise,1,0.5297389092562125,0.4749345785129889,0.05480433074322355,6cfafaf35914f5ae6df80cb3dbd7b7f5cf306f8beb25b16a2780c04a47ba3860,b55f3d71477ad085ded9526d0a7bcd7524d78d36c684e05406a28426d5229f66
tt100k,yolo11m,fp8,gaussian_noise,1,0.5440375798440837,0.5174081970205501,0.026629382823533665,5bf32ba8f18be074afd1a56d4983bdd10d242721ef221df1a321654153bc0016,95398117966d2033749abd2129254c548e9f0f2943977eeb6d031663a7bef346
tt100k,yolo11m,int8-entropy,gaussian_noise,3,0.5297389092562125,0.27101503965061857,0.2587238696055939,6cfafaf35914f5ae6df80cb3dbd7b7f5cf306f8beb25b16a2780c04a47ba3860,a3db7060a5952273a37181c4909584cacbc508addfa1c94ccbc6e73ebb2c7f0b
tt100k,yolo11m,fp8,gaussian_noise,3,0.5440375798440837,0.2998237617557333,0.24421381808835047,5bf32ba8f18be074afd1a56d4983bdd10d242721ef221df1a321654153bc0016,a2d5b1c62250a61c78b293ea29c2118681363fd96165d188d15f8bb2d3963d57
tt100k,yolo11m,int8-entropy,gaussian_noise,5,0.5297389092562125,0.07704253119478065,0.4526963780614318,6cfafaf35914f5ae6df80cb3dbd7b7f5cf306f8beb25b16a2780c04a47ba3860,f5685e747ef17aab216143b258267d060d3040f48311634d42e73dff28f6c787
tt100k,yolo11m,fp8,gaussian_noise,5,0.5440375798440837,0.07928306507828223,0.46475451476580154,5bf32ba8f18be074afd1a56d4983bdd10d242721ef221df1a321654153bc0016,0224f9d612e675f5506dbc4accaabb83d1607bc0ba8ee4b55a4ddc405f7f1dd8
tt100k,yolo11m,int8-entropy,jpeg,1,0.5297389092562125,0.5115798278293985,0.018159081426813994,6cfafaf35914f5ae6df80cb3dbd7b7f5cf306f8beb25b16a2780c04a47ba3860,ca127f2e773a12eca125289864af06824daf0584843cbed362c5a57ef4192551
tt100k,yolo11m,fp8,jpeg,1,0.5440375798440837,0.5351353799761642,0.008902199867919514,5bf32ba8f18be074afd1a56d4983bdd10d242721ef221df1a321654153bc0016,29f63af07f53e3793f2ed76a00158cf96c8954eb072f21b59d06f548f16173dc
tt100k,yolo11m,int8-entropy,jpeg,3,0.5297389092562125,0.5243147907733117,0.005424118482900808,6cfafaf35914f5ae6df80cb3dbd7b7f5cf306f8beb25b16a2780c04a47ba3860,0fe9d1344e2dad97701fc4290fc5d9158c041fe3e95603831c476b58dd8f7050
tt100k,yolo11m,fp8,jpeg,3,0.5440375798440837,0.54531463953272,-0.0012770596886362284,5bf32ba8f18be074afd1a56d4983bdd10d242721ef221df1a321654153bc0016,c1ee5bf23156d843d48eb1f28a6736acd0a96e52e6ec00e74ea32fa878ff7d82
tt100k,yolo11m,int8-entropy,jpeg,5,0.5297389092562125,0.41781479039314784,0.11192411886306464,6cfafaf35914f5ae6df80cb3dbd7b7f5cf306f8beb25b16a2780c04a47ba3860,9a916dad81effab2107567c61730990c8147c7fc4c2aff876391586bf1f15662
tt100k,yolo11m,fp8,jpeg,5,0.5440375798440837,0.40308281870975765,0.1409547611343261,5bf32ba8f18be074afd1a56d4983bdd10d242721ef221df1a321654153bc0016,658d6956e3354a0131daf2b63b58b70a89b019cf3caceec6631ccba8f4632da9
tt100k,yolo11m,int8-entropy,motion_blur,1,0.5297389092562125,0.48770574833201247,0.04203316092420001,6cfafaf35914f5ae6df80cb3dbd7b7f5cf306f8beb25b16a2780c04a47ba3860,27683a1ea5a34129b6f1b9fb48276a14ebfea74587d614c9e4ec503df31c3f06
tt100k,yolo11m,fp8,motion_blur,1,0.5440375798440837,0.5050613459593802,0.038976233884703504,5bf32ba8f18be074afd1a56d4983bdd10d242721ef221df1a321654153bc0016,d5ad9eddb16fa500fdfb85572cd65aae4dcc777047158f8eb16c2f6dd17819ea
tt100k,yolo11m,int8-entropy,motion_blur,3,0.5297389092562125,0.1825093056693504,0.34722960358686206,6cfafaf35914f5ae6df80cb3dbd7b7f5cf306f8beb25b16a2780c04a47ba3860,3ce4cd3643f4bece04e064007bb84498865f2c772f61ab906c254452f8e5be73
tt100k,yolo11m,fp8,motion_blur,3,0.5440375798440837,0.20051520112523746,0.3435223787188463,5bf32ba8f18be074afd1a56d4983bdd10d242721ef221df1a321654153bc0016,3b1996a5a98f250e0bb758e39930298f68ae501597825803513b811cc9b7a1ac
tt100k,yolo11m,int8-entropy,motion_blur,5,0.5297389092562125,0.04218473406354522,0.48755417519266725,6cfafaf35914f5ae6df80cb3dbd7b7f5cf306f8beb25b16a2780c04a47ba3860,2dfd7b415f6d277935ac62c3889b0db64311b93d2b364040753c4d10e72679bf
tt100k,yolo11m,fp8,motion_blur,5,0.5440375798440837,0.053916048035356455,0.4901215318087273,5bf32ba8f18be074afd1a56d4983bdd10d242721ef221df1a321654153bc0016,b21bcd315c2b3ae8949e9ed397afbd5a465309952e1721ce535c584e612f95f4
tt100k,yolo11n,int8-entropy,fog,1,0.2528884376265647,0.2478630337825841,0.005025403843980619,027e6a4f0164d36649ac25be2e1a3f6df251524d3afdd0fe28fb9990c10284a4,a1f39ad507cdba712eb73dfdaf1513a01d6c27c131fd37c186ccca0d122ef43b
tt100k,yolo11n,fp8,fog,1,0.26406703382376434,0.2670601602307441,-0.0029931264069797403,1275eeac930ae3cf817fe8fc5fe83947ba1e8e26ca2e0087618f537165dd88ef,b4a7b65fc153262874e5e8991f4bdfa4e98b906c8702e8754a78d9ac44c844f0
tt100k,yolo11n,int8-entropy,fog,3,0.2528884376265647,0.24703338754549642,0.0058550500810682915,027e6a4f0164d36649ac25be2e1a3f6df251524d3afdd0fe28fb9990c10284a4,aee332573f69c7d749c835e6f86c1db99396afe202b02b96937fac08576b2dbf
tt100k,yolo11n,fp8,fog,3,0.26406703382376434,0.26098858346724435,0.0030784503565199905,1275eeac930ae3cf817fe8fc5fe83947ba1e8e26ca2e0087618f537165dd88ef,23844caa3d6dd585d233a3e2057ab4d987d328efc18917844a88a9ee703f1e7f
tt100k,yolo11n,int8-entropy,fog,5,0.2528884376265647,0.2436494323528117,0.009239005273753015,027e6a4f0164d36649ac25be2e1a3f6df251524d3afdd0fe28fb9990c10284a4,c9fe0d2d3afda65c724ee31f54c4afae48524c3c1db37d2e999ec5cc3f5ccd41
tt100k,yolo11n,fp8,fog,5,0.26406703382376434,0.2537826570458367,0.01028437677792765,1275eeac930ae3cf817fe8fc5fe83947ba1e8e26ca2e0087618f537165dd88ef,9cf37f2105304ea23e468087ce1c5b0e080c9dc1f21d1c12b2959be9a439637d
tt100k,yolo11n,int8-entropy,gaussian_noise,1,0.2528884376265647,0.23891380650871072,0.013974631117853992,027e6a4f0164d36649ac25be2e1a3f6df251524d3afdd0fe28fb9990c10284a4,79483d50982991a52fc6cd7ea35f75a48cb2179d6cad75775b1112ce859465d0
tt100k,yolo11n,fp8,gaussian_noise,1,0.26406703382376434,0.2527277199742204,0.011339313849543953,1275eeac930ae3cf817fe8fc5fe83947ba1e8e26ca2e0087618f537165dd88ef,2b9295d2082e2d2ce33460e6490baa843d4a39434f7caab25ea9710927d60fd6
tt100k,yolo11n,int8-entropy,gaussian_noise,3,0.2528884376265647,0.15892028617797632,0.09396815144858839,027e6a4f0164d36649ac25be2e1a3f6df251524d3afdd0fe28fb9990c10284a4,daf5e71e97d1ab07c9bdd571531cbb6ca507425a773c726c2f761fd8f32b8c2f
tt100k,yolo11n,fp8,gaussian_noise,3,0.26406703382376434,0.1726601215372786,0.09140691228648573,1275eeac930ae3cf817fe8fc5fe83947ba1e8e26ca2e0087618f537165dd88ef,51e57942e749b8fe92ebac20038990cd296faa82e9515180fef3d1444d0f181c
tt100k,yolo11n,int8-entropy,gaussian_noise,5,0.2528884376265647,0.05634872850158233,0.19653970912498236,027e6a4f0164d36649ac25be2e1a3f6df251524d3afdd0fe28fb9990c10284a4,08e6d2d9d039e2bcde80d73caf745c3b79c81210af44ec65c8e84a7baf5cf570
tt100k,yolo11n,fp8,gaussian_noise,5,0.26406703382376434,0.06035697355348266,0.20371006027028168,1275eeac930ae3cf817fe8fc5fe83947ba1e8e26ca2e0087618f537165dd88ef,7e984b1b0cec8f93ba62110e01f864d7efeb69aeaae78c1878737ca7ce387176
tt100k,yolo11n,int8-entropy,jpeg,1,0.2528884376265647,0.2568355450130522,-0.003947107386487514,027e6a4f0164d36649ac25be2e1a3f6df251524d3afdd0fe28fb9990c10284a4,c62d7b0cfb2e5e0055b5f1fdf2a83c3eb810fc295c861197163f81bce4b785a9
tt100k,yolo11n,fp8,jpeg,1,0.26406703382376434,0.26702942177351935,-0.0029623879497550076,1275eeac930ae3cf817fe8fc5fe83947ba1e8e26ca2e0087618f537165dd88ef,56389f8efe6ef067f6cdf7a9ee0346501153c45f5d4ac5e5da8b3bd261505226
tt100k,yolo11n,int8-entropy,jpeg,3,0.2528884376265647,0.24727901371173017,0.005609423914834544,027e6a4f0164d36649ac25be2e1a3f6df251524d3afdd0fe28fb9990c10284a4,810d407f3ade21e2fedda820e2f817719928afc2ae1b6fb8f778470f6ebc934a
tt100k,yolo11n,fp8,jpeg,3,0.26406703382376434,0.27506244072040625,-0.010995406896641913,1275eeac930ae3cf817fe8fc5fe83947ba1e8e26ca2e0087618f537165dd88ef,3a012e7a22a30d761c577effcc9dee760f4f30df9165c3b3f29f5346bc911cdc
tt100k,yolo11n,int8-entropy,jpeg,5,0.2528884376265647,0.2115807222621641,0.041307715364400616,027e6a4f0164d36649ac25be2e1a3f6df251524d3afdd0fe28fb9990c10284a4,e1ba37aeb1eba43a9b018b8e82a653f6bf86ddf20c96ccc14a824e34c9d9cfc8
tt100k,yolo11n,fp8,jpeg,5,0.26406703382376434,0.23414438993435466,0.029922643889409684,1275eeac930ae3cf817fe8fc5fe83947ba1e8e26ca2e0087618f537165dd88ef,bdd5b8f1d4a7296ff8c2b725599ad4bf2da4871644e1acd82cd3cfcff09b1d2d
tt100k,yolo11n,int8-entropy,motion_blur,1,0.2528884376265647,0.2222059567944212,0.030682480832143505,027e6a4f0164d36649ac25be2e1a3f6df251524d3afdd0fe28fb9990c10284a4,c8c34d3c246c387200c48cd1d6b058212aefbd7281f5940a821cfb8b715b797b
tt100k,yolo11n,fp8,motion_blur,1,0.26406703382376434,0.2366321977961006,0.02743483602766375,1275eeac930ae3cf817fe8fc5fe83947ba1e8e26ca2e0087618f537165dd88ef,bf23d1eb3d7a25a14c56105549a7c5ed48ad7b4606f7473d432c04bbd667afa8
tt100k,yolo11n,int8-entropy,motion_blur,3,0.2528884376265647,0.07344728333028376,0.17944115429628094,027e6a4f0164d36649ac25be2e1a3f6df251524d3afdd0fe28fb9990c10284a4,4694c8eb7ff5156de91f1bdee9f4f674ffdd0034e69cde108e87ad55e63fc4ad
tt100k,yolo11n,fp8,motion_blur,3,0.26406703382376434,0.09082326934897873,0.17324376447478562,1275eeac930ae3cf817fe8fc5fe83947ba1e8e26ca2e0087618f537165dd88ef,6e30c099683f458b64159ea75393caa124bbaa1b865b289aaa9937284e149425
tt100k,yolo11n,int8-entropy,motion_blur,5,0.2528884376265647,0.02002533029762511,0.2328631073289396,027e6a4f0164d36649ac25be2e1a3f6df251524d3afdd0fe28fb9990c10284a4,aa8f0a6d36f9d51b3942d4d71ce172f323871753ee434c25ad4fced965a68daa
tt100k,yolo11n,fp8,motion_blur,5,0.26406703382376434,0.03090328883815034,0.233163744985614,1275eeac930ae3cf817fe8fc5fe83947ba1e8e26ca2e0087618f537165dd88ef,593f09a26b99fe9e38526db7d4b70d5e694ebdc7c789fd766aa6995962e1e94b
tt100k,yolo11x,int8-entropy,fog,1,0.5601833348733681,0.5544677649572934,0.005715569916074692,effe415754d05f3fc275b56d7b23c2c19bebd6b3aa905325a8345729c102917f,6b9b1727b0a3440ea46a86436eef81abcea8a974a1a7040523f767bb75c7d43c
tt100k,yolo11x,fp8,fog,1,0.5609765738139392,0.5693409143232805,-0.008364340509341317,4f6984cb4d1670f659ad5d705e2137f2a9b31bbbad7668337e1392884467fce4,dcc3c11c4e8cd5df63a3b538a7a99e477641021c98e2b4c7c82ea8e36b7df326
tt100k,yolo11x,int8-entropy,fog,3,0.5601833348733681,0.5508651513024476,0.009318183570920513,effe415754d05f3fc275b56d7b23c2c19bebd6b3aa905325a8345729c102917f,53b6688d5e78e8c99fd42768d5116640a03b31ef93eab96d38d6a646f662da4c
tt100k,yolo11x,fp8,fog,3,0.5609765738139392,0.5592263855640608,0.0017501882498783816,4f6984cb4d1670f659ad5d705e2137f2a9b31bbbad7668337e1392884467fce4,ca53cb3e26393e7b3ede68a5e9381fdab1b4ca86597e04715934a9ad10b316e7
tt100k,yolo11x,int8-entropy,fog,5,0.5601833348733681,0.5414188003265602,0.01876453454680793,effe415754d05f3fc275b56d7b23c2c19bebd6b3aa905325a8345729c102917f,d41d1a673bca438afacf26c0ca1b769af1b7bfc12083059796f45c64e1f73f1c
tt100k,yolo11x,fp8,fog,5,0.5609765738139392,0.5599117389814149,0.0010648348325242862,4f6984cb4d1670f659ad5d705e2137f2a9b31bbbad7668337e1392884467fce4,fb5b8f5ab50f56a910579763bd8da016af8f824a6ec1340e3449a536b9e97065
tt100k,yolo11x,int8-entropy,gaussian_noise,1,0.5601833348733681,0.5105114145297424,0.049671920343625775,effe415754d05f3fc275b56d7b23c2c19bebd6b3aa905325a8345729c102917f,5bc1fad23cc4a40e65c556310da4a8d9d95c41abd205a08930c9c478d3e33884
tt100k,yolo11x,fp8,gaussian_noise,1,0.5609765738139392,0.5282921588272607,0.03268441498667851,4f6984cb4d1670f659ad5d705e2137f2a9b31bbbad7668337e1392884467fce4,72fc0a0145c47d8d68d754ae6793aef2bfe7840f66cec5798c009d66cd29af7b
tt100k,yolo11x,int8-entropy,gaussian_noise,3,0.5601833348733681,0.3061683335198046,0.25401500135356353,effe415754d05f3fc275b56d7b23c2c19bebd6b3aa905325a8345729c102917f,a9dc1218308503517e1f2f3ef84a9565b4812fc8717ecb4a7b4ef930f596fd3f
tt100k,yolo11x,fp8,gaussian_noise,3,0.5609765738139392,0.32784439878684873,0.23313217502709044,4f6984cb4d1670f659ad5d705e2137f2a9b31bbbad7668337e1392884467fce4,4b21d3c125665d1593c13c4fbae38b58ec8ce807981d443a73176965fe672f78
tt100k,yolo11x,int8-entropy,gaussian_noise,5,0.5601833348733681,0.0674978086837427,0.49268552618962547,effe415754d05f3fc275b56d7b23c2c19bebd6b3aa905325a8345729c102917f,4a985f93c37bb3650460b1b68692dc10d9ccca62464a7174b4dd5524d8f0f828
tt100k,yolo11x,fp8,gaussian_noise,5,0.5609765738139392,0.07042677256730004,0.49054980124663916,4f6984cb4d1670f659ad5d705e2137f2a9b31bbbad7668337e1392884467fce4,10a0ad3e2abaa8fa7d774ca3d960df795783f6e12715f57c9e8572310899ae23
tt100k,yolo11x,int8-entropy,jpeg,1,0.5601833348733681,0.5501054499511168,0.010077884922251368,effe415754d05f3fc275b56d7b23c2c19bebd6b3aa905325a8345729c102917f,bdd53440c7c88627923c52ea63fa0de6a455b1256505a5fc7a8466bf367110fc
tt100k,yolo11x,fp8,jpeg,1,0.5609765738139392,0.559308155115965,0.0016684186979741833,4f6984cb4d1670f659ad5d705e2137f2a9b31bbbad7668337e1392884467fce4,15e00b200ad54c3bad58427520ae04977c5aba5262a234b273c07d3c2f13912e
tt100k,yolo11x,int8-entropy,jpeg,3,0.5601833348733681,0.5465592569323696,0.013624077940998514,effe415754d05f3fc275b56d7b23c2c19bebd6b3aa905325a8345729c102917f,6ef97037c90ae55d452c9ee2080cba78326c66e6307c784b5b21bf63be67a4d4
tt100k,yolo11x,fp8,jpeg,3,0.5609765738139392,0.5545015246812919,0.0064750491326472925,4f6984cb4d1670f659ad5d705e2137f2a9b31bbbad7668337e1392884467fce4,6a0d7e99a14383be12d9ef530bf6263f2cac03b93a91507bb027e15227171b46
tt100k,yolo11x,int8-entropy,jpeg,5,0.5601833348733681,0.4678669496091501,0.09231638526421804,effe415754d05f3fc275b56d7b23c2c19bebd6b3aa905325a8345729c102917f,9015930efb33603692b5bcb1201d8955dfd3c3cc1386ab65e734875f9d00fba8
tt100k,yolo11x,fp8,jpeg,5,0.5609765738139392,0.4762583454261238,0.0847182283878154,4f6984cb4d1670f659ad5d705e2137f2a9b31bbbad7668337e1392884467fce4,2da1e190f85c8e528c2e1f246163ea5b1fd185457b1f3cd5c07bd1c9005a7022
tt100k,yolo11x,int8-entropy,motion_blur,1,0.5601833348733681,0.518707494367448,0.041475840505920125,effe415754d05f3fc275b56d7b23c2c19bebd6b3aa905325a8345729c102917f,b0f7d36f95b16df4c2636177686d24c744113a290c19bef382ebdb09ffd0e82b
tt100k,yolo11x,fp8,motion_blur,1,0.5609765738139392,0.530910990420632,0.030065583393307227,4f6984cb4d1670f659ad5d705e2137f2a9b31bbbad7668337e1392884467fce4,9fa95e460084ee628659f97e7ce06356a93bcde9c88a4c8bfa06ac4f0f0b361c
tt100k,yolo11x,int8-entropy,motion_blur,3,0.5601833348733681,0.19307088208304085,0.3671124527903273,effe415754d05f3fc275b56d7b23c2c19bebd6b3aa905325a8345729c102917f,ecf24a80af1f2de7af624006f16f5f8ddab1e71b206fd036384f9fcccc7a95d5
tt100k,yolo11x,fp8,motion_blur,3,0.5609765738139392,0.19653430701276578,0.3644422668011734,4f6984cb4d1670f659ad5d705e2137f2a9b31bbbad7668337e1392884467fce4,37ca936d04fa84641b9b55d8994135d85d243fdd1d1cd26e23f92aec6b201e7f
tt100k,yolo11x,int8-entropy,motion_blur,5,0.5601833348733681,0.05224886092910664,0.5079344739442615,effe415754d05f3fc275b56d7b23c2c19bebd6b3aa905325a8345729c102917f,588c8d5066143a73801757f2dc44ca8102fb82b2bcd6ea91642f07e991388591
tt100k,yolo11x,fp8,motion_blur,5,0.5609765738139392,0.052725947948453554,0.5082506258654856,4f6984cb4d1670f659ad5d705e2137f2a9b31bbbad7668337e1392884467fce4,155a077d6d801df558204440c5981c077322816464207abcc60876e320348007
voc,yolo11m,int8-entropy,fog,1,0.6665887208080649,0.6614869308083818,0.005101789999683026,9a9c6034b9de581d97df1fbcbe5394a1e242fbc4819191fb06e5836cffde3545,ca800353a95b5e8fe319dde2e35e98025bb95ac1f0d0e3cbb60fd8335a9d0540
voc,yolo11m,fp8,fog,1,0.6835575000487126,0.6786410753338022,0.0049164247149103835,01b9e4b704f2b64a182dac89cd807d81ce7f9f257814e3727066c71d4926a537,d42fd774fba87dd09d65e027a21308d22b59f185b2c0e28f837afb77ec31101d
voc,yolo11m,int8-entropy,fog,3,0.6665887208080649,0.6551436310325693,0.01144508977549552,9a9c6034b9de581d97df1fbcbe5394a1e242fbc4819191fb06e5836cffde3545,8d889243a97811d9101208703ecffcc24709397e44e1b786f2cd978d663846c9
voc,yolo11m,fp8,fog,3,0.6835575000487126,0.6718693876214817,0.01168811242723089,01b9e4b704f2b64a182dac89cd807d81ce7f9f257814e3727066c71d4926a537,727ab95530ed2bc3936b964fde7603fffe816cd12b31a942fdeef11fafd66b82
voc,yolo11m,int8-entropy,fog,5,0.6665887208080649,0.6459524014226197,0.02063631938544519,9a9c6034b9de581d97df1fbcbe5394a1e242fbc4819191fb06e5836cffde3545,fb91cb67f019db40b11f8ce35e28f46ac0bf71f567440b557e0eacceca3a1b1d
voc,yolo11m,fp8,fog,5,0.6835575000487126,0.6619631930293591,0.021594307019353498,01b9e4b704f2b64a182dac89cd807d81ce7f9f257814e3727066c71d4926a537,d1905ae62f021001b31c8080ac5ab893ccc6822e2206080495d781384b27e178
voc,yolo11m,int8-entropy,gaussian_noise,1,0.6665887208080649,0.6428693102860686,0.02371941052199622,9a9c6034b9de581d97df1fbcbe5394a1e242fbc4819191fb06e5836cffde3545,f7ac32f81c0d6e75dc8d1c6e72290195c66ca1e4867e9b9c9dfd8b441d19ad1a
voc,yolo11m,fp8,gaussian_noise,1,0.6835575000487126,0.6610216194211861,0.02253588062752654,01b9e4b704f2b64a182dac89cd807d81ce7f9f257814e3727066c71d4926a537,ab12ccda9d1bfa1a916babf57a3c06050371a4130359bb011dfd12f9471836f3
voc,yolo11m,int8-entropy,gaussian_noise,3,0.6665887208080649,0.5384152082383608,0.1281735125697041,9a9c6034b9de581d97df1fbcbe5394a1e242fbc4819191fb06e5836cffde3545,4d56c4fb40319ca6e512daa334cbf838fff138324404102e2087331781c2600a
voc,yolo11m,fp8,gaussian_noise,3,0.6835575000487126,0.5530799164674811,0.13047758358123152,01b9e4b704f2b64a182dac89cd807d81ce7f9f257814e3727066c71d4926a537,bc1f112622be724e34b68c0569664cc4084938bca3e3dd71072f71a2fa6d9bc6
voc,yolo11m,int8-entropy,gaussian_noise,5,0.6665887208080649,0.3173433909174245,0.3492453298906404,9a9c6034b9de581d97df1fbcbe5394a1e242fbc4819191fb06e5836cffde3545,96dc53f17ec44864aad8771f953713e301db28f3f5d51183637c3ab820e93c2b
voc,yolo11m,fp8,gaussian_noise,5,0.6835575000487126,0.3210239882552484,0.3625335117934642,01b9e4b704f2b64a182dac89cd807d81ce7f9f257814e3727066c71d4926a537,379d6c857fb3a39596712e7a96e13f793c7875d4b3bedddd380ae8bd45c601a6
voc,yolo11m,int8-entropy,jpeg,1,0.6665887208080649,0.6548696917951583,0.011719029012906557,9a9c6034b9de581d97df1fbcbe5394a1e242fbc4819191fb06e5836cffde3545,2b86e097659b08b48da379619cf426605647f8d63db67dcabc45b13570e0ff51
voc,yolo11m,fp8,jpeg,1,0.6835575000487126,0.6700989547861561,0.01345854526255652,01b9e4b704f2b64a182dac89cd807d81ce7f9f257814e3727066c71d4926a537,a3d197afddfae85e031c79882c74dbc9988f7c0509f59f3064b7fc80ffbe861d
voc,yolo11m,int8-entropy,jpeg,3,0.6665887208080649,0.6371060743918242,0.029482646416240654,9a9c6034b9de581d97df1fbcbe5394a1e242fbc4819191fb06e5836cffde3545,3bf59bc5714d305412507043b9073b58c47d9a423e95c0b5c00704c6312c6c07
voc,yolo11m,fp8,jpeg,3,0.6835575000487126,0.6462766497455955,0.03728085030311712,01b9e4b704f2b64a182dac89cd807d81ce7f9f257814e3727066c71d4926a537,2c56efae2c32a14593a3915eb621520354eff4a4109d564690a206aba61ec443
voc,yolo11m,int8-entropy,jpeg,5,0.6665887208080649,0.4561331435763839,0.21045557723168096,9a9c6034b9de581d97df1fbcbe5394a1e242fbc4819191fb06e5836cffde3545,342da2f79648d6b2b5de01302246fe74d61f913a3effeacc4040c44d14ed8dc8
voc,yolo11m,fp8,jpeg,5,0.6835575000487126,0.44580509113527844,0.2377524089134342,01b9e4b704f2b64a182dac89cd807d81ce7f9f257814e3727066c71d4926a537,0c84768dab3b0ab2a617276a5faf3c422bd5994474633a87801386c1992bc2b8
voc,yolo11m,int8-entropy,motion_blur,1,0.6665887208080649,0.5826199412578174,0.08396877955024751,9a9c6034b9de581d97df1fbcbe5394a1e242fbc4819191fb06e5836cffde3545,aebfa7374a726abee0677927f4073b84d21bae79d19c4773a4145b3d36618965
voc,yolo11m,fp8,motion_blur,1,0.6835575000487126,0.5971321941952474,0.0864253058534652,01b9e4b704f2b64a182dac89cd807d81ce7f9f257814e3727066c71d4926a537,97f5d0c82b0759013173ef3f3d8d2e6ea05092d21059acfcfd55b3bf0602dcba
voc,yolo11m,int8-entropy,motion_blur,3,0.6665887208080649,0.2298774691010831,0.4367112517069818,9a9c6034b9de581d97df1fbcbe5394a1e242fbc4819191fb06e5836cffde3545,47085cbd3eb1d16a88a6c5ddec8051ab6cd617cd2c746bf97d157bcc893c3c4d
voc,yolo11m,fp8,motion_blur,3,0.6835575000487126,0.24346006081657184,0.4400974392321408,01b9e4b704f2b64a182dac89cd807d81ce7f9f257814e3727066c71d4926a537,5fd30bb5f3909d2bf6c6a32cac2f825e379cf775452666339745ec207f743c51
voc,yolo11m,int8-entropy,motion_blur,5,0.6665887208080649,0.05911413305212551,0.6074745877559393,9a9c6034b9de581d97df1fbcbe5394a1e242fbc4819191fb06e5836cffde3545,0c48b27483c53d653580331514daeeff90d9ff7508d99c73482832b1a7035cf9
voc,yolo11m,fp8,motion_blur,5,0.6835575000487126,0.06519056691185628,0.6183669331368563,01b9e4b704f2b64a182dac89cd807d81ce7f9f257814e3727066c71d4926a537,0c19cb58f40fe5851d6415b64f652369bebcf105e21c101f689c6f67089c7ea9
voc,yolo11n,int8-entropy,fog,1,0.6151091742678283,0.6075608688558958,0.007548305411932521,9775e43c09e3d18c0ef55bc72d79464bb73c2d3307dd18b7f0a87068965d100f,dbfa42470e8ecf4cc3d9e49c31f4782ba611b1956c816a4bdf79d565d21b15d1
voc,yolo11n,fp8,fog,1,0.621888736504584,0.6145703427025587,0.007318393802025258,c1fadbd074ceb9c3035251c1d76ab1839ddaec8a6f263e8063c58a43391d9181,a42ddfa0f164494a181492a12c729f38919264d575df71a291cdd7720dd30597
voc,yolo11n,int8-entropy,fog,3,0.6151091742678283,0.5937859010682618,0.021323273199566506,9775e43c09e3d18c0ef55bc72d79464bb73c2d3307dd18b7f0a87068965d100f,a2f5394aec0208948f0fd54cdce7e720aa14357d5c2ad2dec2b97aabb5509709
voc,yolo11n,fp8,fog,3,0.621888736504584,0.6051940047384339,0.016694731766150106,c1fadbd074ceb9c3035251c1d76ab1839ddaec8a6f263e8063c58a43391d9181,ae9fe35c2ad4a2509e8d0f4402d4bc8f19c60c92eaa6b69d85bf4f916136b588
voc,yolo11n,int8-entropy,fog,5,0.6151091742678283,0.5767046470350483,0.038404527232779984,9775e43c09e3d18c0ef55bc72d79464bb73c2d3307dd18b7f0a87068965d100f,cd1688b73af96355e879383895fa76c84b2fb79a6bb0d5e8001588c541c67f03
voc,yolo11n,fp8,fog,5,0.621888736504584,0.589110056530474,0.03277867997410999,c1fadbd074ceb9c3035251c1d76ab1839ddaec8a6f263e8063c58a43391d9181,cc71e6b63c2e448d7077f208d6e4839ab225b28a155f82ca8d428ba646081a29
voc,yolo11n,int8-entropy,gaussian_noise,1,0.6151091742678283,0.5766671400991924,0.0384420341686359,9775e43c09e3d18c0ef55bc72d79464bb73c2d3307dd18b7f0a87068965d100f,01604c360a71f1e52f31778fe1d01ad0da5064a399c48d5a75f89657c625b406
voc,yolo11n,fp8,gaussian_noise,1,0.621888736504584,0.588172804977664,0.033715931526919984,c1fadbd074ceb9c3035251c1d76ab1839ddaec8a6f263e8063c58a43391d9181,9f0dc28ebdccad618534af07594f561485ac6a7c9df4163a5e36f0bbd50b2192
voc,yolo11n,int8-entropy,gaussian_noise,3,0.6151091742678283,0.4347706676655736,0.1803385066022547,9775e43c09e3d18c0ef55bc72d79464bb73c2d3307dd18b7f0a87068965d100f,2dc9fc3b77a0bd47b9e8d9102f2ecc81abc7c72f49b76b1d6ba2d7fbbe5fdd0b
voc,yolo11n,fp8,gaussian_noise,3,0.621888736504584,0.4463296932030085,0.17555904330157546,c1fadbd074ceb9c3035251c1d76ab1839ddaec8a6f263e8063c58a43391d9181,b531ac9c6a9e7ffcba6eea5b8ebc315bf774f946d2d61643d11d1d52094cab2c
voc,yolo11n,int8-entropy,gaussian_noise,5,0.6151091742678283,0.1469736692413104,0.4681355050265179,9775e43c09e3d18c0ef55bc72d79464bb73c2d3307dd18b7f0a87068965d100f,69f53ae1bdd574501b522c98571599a3e6369bdf55f1327e9d5b854270c94729
voc,yolo11n,fp8,gaussian_noise,5,0.621888736504584,0.15268391193966907,0.4692048245649149,c1fadbd074ceb9c3035251c1d76ab1839ddaec8a6f263e8063c58a43391d9181,ecc62cb303fcf8287b207e0c4f45ee21859de7a1c2dadf0036428cf6e01af8ea
voc,yolo11n,int8-entropy,jpeg,1,0.6151091742678283,0.6046687422348123,0.010440432033016034,9775e43c09e3d18c0ef55bc72d79464bb73c2d3307dd18b7f0a87068965d100f,dbde63cc4b6691333e3c885100fad9cd3268074b73eb0cae30b1518d99dea36b
voc,yolo11n,fp8,jpeg,1,0.621888736504584,0.6160525592998584,0.005836177204725623,c1fadbd074ceb9c3035251c1d76ab1839ddaec8a6f263e8063c58a43391d9181,1d98fe6b802f69386e621f776abc8268be918be1fcc2ca552d0926463ebfc438
voc,yolo11n,int8-entropy,jpeg,3,0.6151091742678283,0.586624412788983,0.028484761478845266,9775e43c09e3d18c0ef55bc72d79464bb73c2d3307dd18b7f0a87068965d100f,851fa5a4c0b39ee17593efb924ab5542b37b1ac710e248f90062a393f1aaf203
voc,yolo11n,fp8,jpeg,3,0.621888736504584,0.5978276161862391,0.024061120318344842,c1fadbd074ceb9c3035251c1d76ab1839ddaec8a6f263e8063c58a43391d9181,754203f0937f5dbd8d796c069a4aac5bfd5df9fc477c0796c80f8f7c0d08bdac
voc,yolo11n,int8-entropy,jpeg,5,0.6151091742678283,0.42588550562761013,0.18922366864021817,9775e43c09e3d18c0ef55bc72d79464bb73c2d3307dd18b7f0a87068965d100f,eced9f10d79d7d24e5d27664a5ebca0b78b163fbe38df2e95c348ae505941442
voc,yolo11n,fp8,jpeg,5,0.621888736504584,0.43163577643515494,0.19025296006942904,c1fadbd074ceb9c3035251c1d76ab1839ddaec8a6f263e8063c58a43391d9181,25fa9379278b8b060b68be561345b3e18f927c154b2fee216427772258284573
voc,yolo11n,int8-entropy,motion_blur,1,0.6151091742678283,0.5071578299072865,0.10795134436054177,9775e43c09e3d18c0ef55bc72d79464bb73c2d3307dd18b7f0a87068965d100f,e28dadfbd4a1761cd6038ece00c6383f0b45602a875afed31de758e39811ce52
voc,yolo11n,fp8,motion_blur,1,0.621888736504584,0.5116995691467252,0.11018916735785877,c1fadbd074ceb9c3035251c1d76ab1839ddaec8a6f263e8063c58a43391d9181,423324d69bc956c55bf4a4cca1926a002904a4fb31d20816a4e6b1908993788b
voc,yolo11n,int8-entropy,motion_blur,3,0.6151091742678283,0.15013029539713368,0.4649788788706946,9775e43c09e3d18c0ef55bc72d79464bb73c2d3307dd18b7f0a87068965d100f,d9cd2ff953180daf1073b97a5664892dc3610279b22f2f7fb56bd5d1268f3cf9
voc,yolo11n,fp8,motion_blur,3,0.621888736504584,0.1692617572838433,0.4526269792207407,c1fadbd074ceb9c3035251c1d76ab1839ddaec8a6f263e8063c58a43391d9181,496ef554c7e9f054b0a239fd5fcca13df14a70ff8ca32a9f222c2cdbe67dcd83
voc,yolo11n,int8-entropy,motion_blur,5,0.6151091742678283,0.04114058702264697,0.5739685872451813,9775e43c09e3d18c0ef55bc72d79464bb73c2d3307dd18b7f0a87068965d100f,ade7799810a744f77e631ef2f8ca0d176865beeea7f171fef51f2b0e0aef75a6
voc,yolo11n,fp8,motion_blur,5,0.621888736504584,0.04795981463803303,0.573928921866551,c1fadbd074ceb9c3035251c1d76ab1839ddaec8a6f263e8063c58a43391d9181,de94a60e6c83e4bf181139fc69b222580664a68e66a48bd669a979c41b42be5c
voc,yolo11x,int8-entropy,fog,1,0.6902748108834477,0.6868676226629575,0.0034071882204901316,97bf2a2be419b643be918506342d378d94a52fbc80284b972f6f693d9dbe5aa0,918e7154997dd463bcf8f4d03c928589125f3fa4f10deb062a48dfa749a180ad
voc,yolo11x,fp8,fog,1,0.6994072199041381,0.6979826042118186,0.001424615692319553,f1356e255339835d7adb43cec069ca41448ad5b97563da21dca544c8ea8aa672,a4520b392c9c8f0a75913658574525917fd7819baf8b51bf9940bd159a687f38
voc,yolo11x,int8-entropy,fog,3,0.6902748108834477,0.681934850246698,0.008339960636749688,97bf2a2be419b643be918506342d378d94a52fbc80284b972f6f693d9dbe5aa0,21ef63d7a748651ccc3b2f25632abbef85918ed383dfa0df60aa942d95803cac
voc,yolo11x,fp8,fog,3,0.6994072199041381,0.6929421841234921,0.006465035780646056,f1356e255339835d7adb43cec069ca41448ad5b97563da21dca544c8ea8aa672,9924370c5166aaef93b44795797fe441d86735bd2685c494cbac0cd1a426d307
voc,yolo11x,int8-entropy,fog,5,0.6902748108834477,0.6711495454892887,0.01912526539415893,97bf2a2be419b643be918506342d378d94a52fbc80284b972f6f693d9dbe5aa0,3777e3001ff65f32cd53afe6aa6a432f89ce06ab06120d23e78f0691a2148932
voc,yolo11x,fp8,fog,5,0.6994072199041381,0.6841089538397107,0.015298266064427413,f1356e255339835d7adb43cec069ca41448ad5b97563da21dca544c8ea8aa672,c1a432394827f08184585d1f7f60b41c9dc0a52d03699bde7d0578824d8a28ed
voc,yolo11x,int8-entropy,gaussian_noise,1,0.6902748108834477,0.6644259069237833,0.025848903959664327,97bf2a2be419b643be918506342d378d94a52fbc80284b972f6f693d9dbe5aa0,66d065cf5b43b08e9e53e8bb162bd414781fa9b864c13ab290b47b2afbb2e642
voc,yolo11x,fp8,gaussian_noise,1,0.6994072199041381,0.6776494129568038,0.021757806947334313,f1356e255339835d7adb43cec069ca41448ad5b97563da21dca544c8ea8aa672,1c2df9742c534ba33237dc9095a51d22df345384f43daafe9c368ff43081f38c
voc,yolo11x,int8-entropy,gaussian_noise,3,0.6902748108834477,0.5755687090549194,0.11470610182852825,97bf2a2be419b643be918506342d378d94a52fbc80284b972f6f693d9dbe5aa0,6d0a73606975ebf4a3951d13e9758e559b268744d905577151e198a98304f1ae
voc,yolo11x,fp8,gaussian_noise,3,0.6994072199041381,0.5934696702742295,0.10593754962990864,f1356e255339835d7adb43cec069ca41448ad5b97563da21dca544c8ea8aa672,62fda44f6042f92500d934d16c1dd118d2f7e9527ecffe9412c14c91e4265dc1
voc,yolo11x,int8-entropy,gaussian_noise,5,0.6902748108834477,0.3415560495733892,0.34871876131005847,97bf2a2be419b643be918506342d378d94a52fbc80284b972f6f693d9dbe5aa0,552fa511a14b4206ad419178f81e9ebd0f12db924173087009d872df7f43f6a1
voc,yolo11x,fp8,gaussian_noise,5,0.6994072199041381,0.3586614577285663,0.34074576217557184,f1356e255339835d7adb43cec069ca41448ad5b97563da21dca544c8ea8aa672,6af8df943dc11e52d2a9af6798c5fb6324eb7679031cf15a61ade8086cbc6c78
voc,yolo11x,int8-entropy,jpeg,1,0.6902748108834477,0.6814988599431002,0.008775950940347443,97bf2a2be419b643be918506342d378d94a52fbc80284b972f6f693d9dbe5aa0,a7e86e28f41c973dfd129cb6ecbffc3e89d66e26c914bcb5a39ea83cec4f3174
voc,yolo11x,fp8,jpeg,1,0.6994072199041381,0.6903579403002552,0.00904927960388291,f1356e255339835d7adb43cec069ca41448ad5b97563da21dca544c8ea8aa672,dabab1bc5c6ebe917df4379a1e4c34d4cabeac7db349b083fc75a557b61f3a15
voc,yolo11x,int8-entropy,jpeg,3,0.6902748108834477,0.6637791502765517,0.02649566060689601,97bf2a2be419b643be918506342d378d94a52fbc80284b972f6f693d9dbe5aa0,2d42f456a7906942cfa9a73ae64842d172f7ede03d830dc52843c555470a5e5e
voc,yolo11x,fp8,jpeg,3,0.6994072199041381,0.6719834105219457,0.027423809382192466,f1356e255339835d7adb43cec069ca41448ad5b97563da21dca544c8ea8aa672,2ed675878d32f326794deb0de1c9d1e7db5bd7214526a5f6d641ca2cf79bcef9
voc,yolo11x,int8-entropy,jpeg,5,0.6902748108834477,0.5145640504050045,0.17571076047844314,97bf2a2be419b643be918506342d378d94a52fbc80284b972f6f693d9dbe5aa0,17bcb2f33fecb37ebe5d0b7b5a4a10e58920758b49a032b8c37b1ec854225eef
voc,yolo11x,fp8,jpeg,5,0.6994072199041381,0.4927336853168063,0.20667353458733184,f1356e255339835d7adb43cec069ca41448ad5b97563da21dca544c8ea8aa672,17e91103d9d52f6ebecf36582eb5cb532c75d07420e6a0d138c304ded8c91259
voc,yolo11x,int8-entropy,motion_blur,1,0.6902748108834477,0.6136866407413539,0.07658817014209374,97bf2a2be419b643be918506342d378d94a52fbc80284b972f6f693d9dbe5aa0,ce54e8c6c0c78b988cb7e0f193087ba2cceb00432793c8bf8c0dd4e178491bd5
voc,yolo11x,fp8,motion_blur,1,0.6994072199041381,0.6262505909589954,0.07315662894514274,f1356e255339835d7adb43cec069ca41448ad5b97563da21dca544c8ea8aa672,d0dff47c11334fb5f42ef5a56e988e12c542679f758bb93c000c7534024d1893
voc,yolo11x,int8-entropy,motion_blur,3,0.6902748108834477,0.23987985378676957,0.4503949570966781,97bf2a2be419b643be918506342d378d94a52fbc80284b972f6f693d9dbe5aa0,0d869a1af9919c1f4fa288baa58518695226801848d4285d7df7dc7a655304c9
voc,yolo11x,fp8,motion_blur,3,0.6994072199041381,0.26377743014119076,0.43562978976294736,f1356e255339835d7adb43cec069ca41448ad5b97563da21dca544c8ea8aa672,29bc2e91b4ceaa94f3b123716a6ccb95c8ce8911d25d0ba5ce3cbdc7a9a1a782
voc,yolo11x,int8-entropy,motion_blur,5,0.6902748108834477,0.06080573692692374,0.629469073956524,97bf2a2be419b643be918506342d378d94a52fbc80284b972f6f693d9dbe5aa0,dcafee26f954e5e00c42ea3742c27773496a5eb5183c57d03dfbb6d1c09619ac
voc,yolo11x,fp8,motion_blur,5,0.6994072199041381,0.0719132248742483,0.6274939950298898,f1356e255339835d7adb43cec069ca41448ad5b97563da21dca544c8ea8aa672,187bf265fcb7f5cc1d67d670a9b2f09d731025f7bd099c0f7db75af15593cdc2
