dataset,model,corruption,severity,endpoint_type,n_images,delta_q_all,delta_e_all,delta_e_ci_low,delta_e_ci_median,delta_e_ci_high,delta_e_small,delta_e_large,delta_psi,delta_psi_ci_low,delta_psi_ci_median,delta_psi_ci_high
coco,yolo11m,fog,1,area,5000,0.012319819479650662,6.991099076852914e-05,-0.0025521113795600086,0.0002173740191776241,0.00295006091270114,0.0020081526302930808,0.008127222790317301,-0.00611907016002422,-0.01757560639307028,-0.004767821889679086,0.007529253293146936
coco,yolo11m,fog,3,area,5000,0.012319819479650662,0.00134304520506906,-0.001960800121428119,0.0013348289938477087,0.004418183748917132,-0.002533956617016553,0.006036897700606669,-0.008570854317623222,-0.01833006178919456,-0.006031524592380766,0.005909712550018091
coco,yolo11m,fog,5,area,5000,0.012319819479650662,0.0037443946352036517,0.0005262352221856407,0.00373019818367043,0.006636896596832727,-0.0006717138620307983,0.00488126967700786,-0.005552983539038658,-0.017927683220963365,-0.004717186097257214,0.007329567625735013
coco,yolo11m,gaussian_noise,1,area,5000,0.012319819479650662,-0.0038926457137468673,-0.0074834014131989115,-0.00354912420012396,-0.0005225028401486591,0.00021227992280187236,-0.00448481244996668,0.004697092372768552,-0.00756777529837537,0.0051228807924928454,0.01745509774563936
coco,yolo11m,gaussian_noise,3,area,5000,0.012319819479650662,-0.0038834377583376045,-0.007480064105875687,-0.0037204512326443617,-0.00026727987374586016,-0.007542867756637511,-0.003808391731021432,-0.003734476025616079,-0.019896461060206556,-0.004977349607907272,0.011348902179491508
coco,yolo11m,gaussian_noise,5,area,5000,0.012319819479650662,-0.011161777482583013,-0.014918779101830938,-0.01083795592507425,-0.0071480528256940784,-0.005825797506267216,-0.0324828887746379,0.02665709126837068,0.012045044331625194,0.025159982036885242,0.03851154273229665
coco,yolo11m,jpeg,1,area,5000,0.012319819479650662,0.006486328075308023,0.0033453353328628185,0.0067913641313409046,0.010330817871257392,0.005918243542906043,0.010746546687756209,-0.004828303144850166,-0.021404458866116707,-0.007938261857349527,0.0053464645562326125
coco,yolo11m,jpeg,3,area,5000,0.012319819479650662,0.020111929652084193,0.015932319110787962,0.02036877714946969,0.02454269691627542,0.012428126829575364,0.028655343006735667,-0.016227216177160303,-0.034375311855933725,-0.018967161561075682,-0.002742986461443816
coco,yolo11m,jpeg,5,area,5000,0.012319819479650662,0.005720543807288814,0.001460108446490499,0.0055512492471635755,0.009637328796152856,-0.005502581315793925,-0.007272893346533693,0.001770312030739768,-0.01361756690681452,0.00037601280548119065,0.014543262507612514
coco,yolo11m,motion_blur,1,area,5000,0.012319819479650662,0.004999194165042187,0.001155311943445461,0.0049779605833898954,0.008632900177718698,0.008643915703352295,0.007421808226455218,0.0012221074768970774,-0.013190124325555472,0.000985446667964615,0.015915589927781765
coco,yolo11m,motion_blur,3,area,5000,0.012319819479650662,0.01270477780053586,0.008591370202916334,0.013107896319927564,0.017497880814413485,-0.004936214955657103,0.034155364456152415,-0.03909157941180952,-0.058720525221184365,-0.040595788990891335,-0.02348662510099785
coco,yolo11m,motion_blur,5,area,5000,0.012319819479650662,0.0035975883602245573,-0.0005703172766425179,0.003826411480492925,0.007887005622636455,-0.010574411581085574,0.01712422940295305,-0.027698640984038625,-0.04471812664572806,-0.028531564136744042,-0.011482667094445433
coco,yolo11n,fog,1,area,5000,0.011564301116287645,-0.00031100193526018005,-0.0038082180615671103,-0.0003900177922716297,0.0023626259251377842,0.0033284867925928996,-0.0035166232938371733,0.006845110086430073,-0.007275963069629866,0.006075527007166154,0.019048931388501757
coco,yolo11n,fog,3,area,5000,0.011564301116287645,-0.00045930047067715973,-0.004567898054665879,-0.0006922570863253374,0.0024135527192008237,0.004611491968599085,-0.0017158543876076848,0.00632734635620677,-0.008712534909186064,0.00545749157107446,0.021179539827948218
coco,yolo11n,fog,5,area,5000,0.011564301116287645,0.00069913944589578,-0.0035199439650937065,0.00034226590283989444,0.003653223861746053,0.002201040621899214,0.0014927713913645002,0.0007082692305347138,-0.015972385334558165,0.001354463633859701,0.019347452592296907
coco,yolo11n,gaussian_noise,1,area,5000,0.011564301116287645,-0.0028156847132228546,-0.007370386144337831,-0.0029813357537142593,0.0002852858781198504,-0.002918772852223167,-0.004752066655933307,0.0018332938037101398,-0.016599713128833207,0.0008558747069394995,0.019432598324423553
coco,yolo11n,gaussian_noise,3,area,5000,0.011564301116287645,-0.004260614632532966,-0.008822008341784714,-0.004504374696095492,-0.000801605743756211,-0.01008050284313275,-0.0019051267942265526,-0.008175376048906197,-0.02345230233260208,-0.005948000014329068,0.012347768350260278
coco,yolo11n,gaussian_noise,5,area,5000,0.011564301116287645,-0.0031397756309244074,-0.007133387697674847,-0.0029612343851774664,0.0007323943652543546,-0.0060290169417355766,0.00781387662529559,-0.013842893567031167,-0.029865781442232963,-0.0119862140151374,0.005482809495123623
coco,yolo11n,jpeg,1,area,5000,0.011564301116287645,1.2758480701868802e-05,-0.002924639739244707,-0.0003121829764347328,0.002630978278597731,-0.0050151986761706735,0.006558685476361625,-0.011573884152532299,-0.022495621557919312,-0.010228135803984711,0.0026842493679144815
coco,yolo11n,jpeg,3,area,5000,0.011564301116287645,-0.0029082722636871172,-0.0071795710252683925,-0.003214676735308314,0.00012711928128502273,0.002370426936057546,-0.0025622339045306974,0.004932660840588243,-0.01156750512044341,0.003942209870321747,0.020267457901846173
coco,yolo11n,jpeg,5,area,5000,0.011564301116287645,-0.014567320071018686,-0.0189400438616078,-0.014701266336179797,-0.010825904658036303,-0.008640720222424653,-0.02210446456264703,0.013463744340222378,-0.004116734034827486,0.014667456853689823,0.03575779514854164
coco,yolo11n,motion_blur,1,area,5000,0.011564301116287645,-0.002555717446808825,-0.006111714573461528,-0.0026360150986815822,0.0009112998479819891,0.004547737437852639,-0.002450763885459395,0.006998501323312034,-0.007567219984057598,0.008477935130788684,0.02585011676444964
coco,yolo11n,motion_blur,3,area,5000,0.011564301116287645,-0.007541087040162847,-0.011996536058095805,-0.007719021449497876,-0.0037902023450310427,-0.004801347336133521,0.0019075568330690906,-0.006708904169202612,-0.025216180296084793,-0.0033597599366301384,0.01870363634491165
coco,yolo11n,motion_blur,5,area,5000,0.011564301116287645,-0.010300860632912967,-0.014491277040128914,-0.010493211969257649,-0.0068983688242216,-0.010771796808858813,-0.007577558706856946,-0.0031942381020018673,-0.0204614882879854,-0.002326625008389774,0.01717994286170539
coco,yolo11x,fog,1,area,5000,0.009104637830755768,-0.0012283609257637274,-0.0039053974945817945,-0.001276209513602966,0.0011668741382416215,-0.009131262028731546,-0.0043386239133667015,-0.0047926381153648445,-0.01647488726666461,-0.004796157375311527,0.006506928513902467
coco,yolo11x,fog,3,area,5000,0.009104637830755768,-0.0001702119748274722,-0.003127893604688972,-0.00017444907459940318,0.002788674689459752,-1.0717446300545497e-05,0.00034873857165929056,-0.00035945601795983606,-0.011513065011001411,-0.0005405735646286103,0.011093691947893235
coco,yolo11x,fog,5,area,5000,0.009104637830755768,0.0008193605695722139,-0.002403662645158572,0.0007455838563116268,0.003175263121105778,0.006019659854653636,0.005077819634488834,0.0009418402201648024,-0.010983671984407332,0.0019082592987017255,0.014596457960020971
coco,yolo11x,gaussian_noise,1,area,5000,0.009104637830755768,0.001551866217317066,-0.001824069983667756,0.0012284986045527635,0.00449272935813873,0.01088097874278815,0.0029044738071347664,0.007976504935653383,-0.005389219613176009,0.0055585884838783295,0.017423143870324988
coco,yolo11x,gaussian_noise,3,area,5000,0.009104637830755768,0.002525404013766719,-0.001465941055323862,0.0019418916450599788,0.005693971911495916,0.009332712881437555,0.007594149706518172,0.001738563174919383,-0.011968226229038452,0.0021917703753348283,0.014787730789218603
coco,yolo11x,gaussian_noise,5,area,5000,0.009104637830755768,-0.008940510015295444,-0.01283538404441145,-0.00915340256864508,-0.005776560850028785,-0.0016193754877516509,-0.014625812718262243,0.013006437230510592,-0.0006982245069426386,0.012764624754357662,0.027225417906817054
coco,yolo11x,jpeg,1,area,5000,0.009104637830755768,-0.0018678424099297652,-0.005354352175127833,-0.0018322716695435837,0.0014240558311260768,0.004943870728485011,0.00330692461226334,0.0016369461162216714,-0.01170334071749503,0.002200254948156094,0.014403640535682757
coco,yolo11x,jpeg,3,area,5000,0.009104637830755768,-0.012414331683683721,-0.016414693571026002,-0.012624001366968507,-0.00872868865740743,-0.008919068642038286,-0.01157263582494883,0.0026535671829105434,-0.0166655291660043,-0.000624752718179189,0.013453606244568865
coco,yolo11x,jpeg,5,area,5000,0.009104637830755768,-0.04229230936884615,-0.04733098926868547,-0.04250048334559017,-0.03801300855614608,-0.015859880263138088,-0.06363524764732026,0.04777536738418217,0.03151346631908361,0.046453332633622044,0.06327799401463734
coco,yolo11x,motion_blur,1,area,5000,0.009104637830755768,0.0009436518989046627,-0.0019931830373282667,0.0008529968667239374,0.0037199297680531917,0.008359089180053098,0.006030625699979697,0.0023284634800734005,-0.014309236342218978,0.0014602998702127334,0.016411062993036334
coco,yolo11x,motion_blur,3,area,5000,0.009104637830755768,0.0003519338570085462,-0.0036513855352008698,0.00016501181702460732,0.003916929560488994,0.00013487218089569541,0.013063064050578777,-0.012928191869683081,-0.029369778726184004,-0.014752426365564397,0.000822160056491202
coco,yolo11x,motion_blur,5,area,5000,0.009104637830755768,0.0017398863045780533,-0.0020640918405029434,0.0016839756534377526,0.00538722369160191,-0.005581656861090578,0.017160667143942154,-0.022742324005032732,-0.03994470692810198,-0.024100200216549406,-0.008370576120169549
kitti,yolo11m,fog,1,area,1496,0.03966716290287109,-0.005604186658212829,-0.014910655613774627,-0.0053335867476387855,0.004094242920743907,0.003872468604152135,-0.006229186856973823,0.010101655461125958,-0.013138552291204569,0.008872000057789486,0.031392662808640025
kitti,yolo11m,fog,3,area,1496,0.03966716290287109,0.0017982968811793842,-0.007586400981499941,0.002071796826451311,0.011606549915490927,0.014645531998517591,-0.0012727716035901837,0.015918303602107775,-0.008771346571821576,0.01656109923066898,0.048212531070371656
kitti,yolo11m,fog,5,area,1496,0.03966716290287109,0.015256407595801214,0.003433483420700856,0.01589374071663166,0.030305833398389357,0.010414768988441181,0.01437134537999607,-0.003956576391554889,-0.03695371514373134,-0.0038665874712602577,0.02824496546316921
kitti,yolo11m,gaussian_noise,1,area,1496,0.03966716290287109,0.02669899918455043,0.016477989337259205,0.02702790999565091,0.03755788892628913,0.009119192694952982,0.0451352804741445,-0.03601608777919152,-0.05796724137564397,-0.03664353291163169,-0.013221125969630062
kitti,yolo11m,gaussian_noise,3,area,1496,0.03966716290287109,-0.0033181323232885918,-0.011215743558344348,-0.0033254991557267743,0.004049161111597842,-0.01316688313788561,0.003199401195858931,-0.01636628433374454,-0.03996713208226447,-0.016214584091370637,0.004660327720758916
kitti,yolo11m,gaussian_noise,5,area,1496,0.03966716290287109,-0.036580780610302455,-0.041919554607861786,-0.03611653233722445,-0.030745756569400415,-0.04337252502115385,-0.016464591752877178,-0.026907933268276674,-0.04576818336622257,-0.026308334654021992,-0.009495153356989033
kitti,yolo11m,jpeg,1,area,1496,0.03966716290287109,-0.0040903137471473006,-0.009632989057801442,-0.0036455917242618763,0.002538348371795864,-0.0010546757630442993,-0.004237847302598574,0.003183171539554275,-0.01134636964640317,0.0024399846794026514,0.015629601087165306
kitti,yolo11m,jpeg,3,area,1496,0.03966716290287109,0.006212363268017884,-0.0009231773349923477,0.006456283352178738,0.014566247194326278,0.00014382662057410567,0.011078532018226506,-0.0109347053976524,-0.029067059226562962,-0.011138318735757824,0.007396367072952322
kitti,yolo11m,jpeg,5,area,1496,0.03966716290287109,-0.0015709262044679706,-0.00857239567482249,-0.0013507385018992069,0.006857848571509917,0.007473574701538088,0.0015599801098498123,0.005913594591688276,-0.01706720136948847,0.00637722419969905,0.03397815895702401
kitti,yolo11m,motion_blur,1,area,1496,0.03966716290287109,-0.0038972765327868197,-0.013677232958872543,-0.0037208416197451744,0.006237166329247477,-0.006891981334280262,-0.004347047823636818,-0.0025449335106434434,-0.024536629000986555,-0.0021693384444557706,0.020174917532767473
kitti,yolo11m,motion_blur,3,area,1496,0.03966716290287109,-0.03365686048511107,-0.04408081187986171,-0.03379168993034917,-0.02398683466865093,-0.04513408610716724,-0.018962925176669976,-0.02617116093049726,-0.059101918934620315,-0.025113828603279792,0.003430260967623614
kitti,yolo11m,motion_blur,5,area,1496,0.03966716290287109,-0.042810739985394974,-0.05092642790022988,-0.04297167396546703,-0.03522508777935931,-0.044372304728448775,-0.024300510451059076,-0.0200717942773897,-0.04118480792673155,-0.018687512996486078,0.0017953976781281762
kitti,yolo11n,fog,1,area,1496,0.02137507477375178,-0.003990252887471568,-0.013332356033684354,-0.00338294029774433,0.00731237372483933,0.014524000240931034,-0.008324941614320958,0.022848941855251992,-0.007757360750139641,0.019914693665176314,0.04790122283367277
kitti,yolo11n,fog,3,area,1496,0.02137507477375178,0.006188107977101898,-0.0020116465297993044,0.006716672524997441,0.01811925228715744,0.03073778209180761,0.011917816558719485,0.018819965533088123,-0.01284560985084152,0.017056736331255123,0.04959876443436125
kitti,yolo11n,fog,5,area,1496,0.02137507477375178,0.03102731834504363,0.01885967897132618,0.03183117853073239,0.04601385127117926,0.022784962260696817,0.04566789748828237,-0.022882935227585555,-0.0597001333344307,-0.022081427691792277,0.01841377097983642
kitti,yolo11n,gaussian_noise,1,area,1496,0.02137507477375178,0.009644434241963484,0.0011946480355254697,0.010204412418137465,0.02030087231249388,0.0036455512735568685,0.01948880946420073,-0.01584325819064386,-0.044652804964019785,-0.017271438548942253,0.013775618130141356
kitti,yolo11n,gaussian_noise,3,area,1496,0.02137507477375178,0.013940298413514574,0.0032180791046249684,0.014886712356569465,0.02820408597201087,0.0038373550400142287,0.02004951291842466,-0.016212157878410433,-0.04186329912472721,-0.017136195181096617,0.008638378064701182
kitti,yolo11n,gaussian_noise,5,area,1496,0.02137507477375178,-0.01126940415125699,-0.01901805429503802,-0.010898617401337796,-0.0012440245184691656,-0.006990896087218312,-0.011461356730240624,0.0044704606430223115,-0.018613491735572654,0.003267285165384548,0.02557428169935586
kitti,yolo11n,jpeg,1,area,1496,0.02137507477375178,0.0016576956484761762,-0.004395280782463165,0.0023291909341231487,0.008841061725432616,0.003977755510463921,-0.0005386678996823768,0.0045164234101462974,-0.01763364405226571,0.003631950376240367,0.020943061479099325
kitti,yolo11n,jpeg,3,area,1496,0.02137507477375178,-0.0008705954171598362,-0.008106389833056555,-0.0009655161750998231,0.0062276930393228664,0.00012828129642472597,0.0011890445036143449,-0.001060763207189619,-0.02551826188938239,-0.002062303098531393,0.01820679130286496
kitti,yolo11n,jpeg,5,area,1496,0.02137507477375178,0.00416953032435774,-0.005657220433711349,0.0045017004339680255,0.01482603453837894,-0.004868710316019487,0.008637937629045855,-0.013506647945065342,-0.045714569087565354,-0.0129823673285831,0.011985592889478258
kitti,yolo11n,motion_blur,1,area,1496,0.02137507477375178,-0.007293286005626953,-0.01665345798080413,-0.006582678753212445,0.005369239043359256,0.003917552856842255,-0.005418790560564601,0.009336343417406856,-0.02227743053627265,0.008889485812450165,0.036779481447421186
kitti,yolo11n,motion_blur,3,area,1496,0.02137507477375178,-0.027072076630890285,-0.0385246341501381,-0.026572424334695754,-0.012619319439918142,-0.020024196319842147,-0.015370087326462056,-0.0046541089933800905,-0.036672928010755806,-0.005204238976237535,0.027444788769351754
kitti,yolo11n,motion_blur,5,area,1496,0.02137507477375178,-0.01698720223966499,-0.026866241619405783,-0.016619628921661356,-0.004557699990988346,-0.013045831899085758,0.0034177585001505806,-0.01646359039923634,-0.04202325113451563,-0.016433662235525143,0.009817140059591077
kitti,yolo11x,fog,1,area,1496,0.014363278419793013,-0.0023716203946466674,-0.010012774496869579,-0.0027662996693166853,0.004484526612371038,0.001876456789297043,-0.00400482728792162,0.0058812840772186625,-0.014911652278551554,0.005795522923187801,0.025677559250836278
kitti,yolo11x,fog,3,area,1496,0.014363278419793013,-0.0052694663503690675,-0.014581279526083003,-0.005490333929927704,0.002619079629548022,0.0008961485784959033,-0.004010926974463258,0.004907075552959161,-0.011336806859846492,0.005595194878666693,0.023863318736237153
kitti,yolo11x,fog,5,area,1496,0.014363278419793013,-0.004302955885812643,-0.010956866977375062,-0.004283171911878103,0.0028516550138030705,-0.0096544112414792,-0.004692630332889136,-0.004961780908590063,-0.02726636691995124,-0.003915452315433998,0.018798248755621916
kitti,yolo11x,gaussian_noise,1,area,1496,0.014363278419793013,-0.010265252573991912,-0.017517447641815145,-0.010608909427529067,-0.0039044608807742866,-0.022293250698310563,-0.006329695232405008,-0.015963555465905555,-0.03860644371656126,-0.014817225799408917,0.008358663795579105
kitti,yolo11x,gaussian_noise,3,area,1496,0.014363278419793013,-0.02489973884415303,-0.033501471174577864,-0.025606099249160047,-0.018823559911853062,-0.048430388786059375,-0.010512307286693001,-0.037918081499366374,-0.056226589320914996,-0.03688398334603302,-0.018220227126360407
kitti,yolo11x,gaussian_noise,5,area,1496,0.014363278419793013,-0.024334833674326428,-0.03137623699307869,-0.024172430280962443,-0.01772087889304869,-0.043519913396401044,-0.007569691796193934,-0.03595022160020711,-0.05060096188016059,-0.034791569899266184,-0.019127167957496218
kitti,yolo11x,jpeg,1,area,1496,0.014363278419793013,0.0004382981254540397,-0.004894383318608778,0.00024883662100882997,0.005765281859265868,-0.013225774376430022,0.003803427962448813,-0.017029202338878835,-0.035238485906417906,-0.01770717700793828,-0.0007251573973795628
kitti,yolo11x,jpeg,3,area,1496,0.014363278419793013,-0.00568562106699988,-0.011068528982104763,-0.0055175742668232,0.00019413259967741077,-0.010419647779153052,-0.0031141283818522103,-0.007305519397300841,-0.022067269678544423,-0.0075783249639146955,0.005836492672410009
kitti,yolo11x,jpeg,5,area,1496,0.014363278419793013,-0.007713035273565372,-0.01407642637230291,-0.007751713346198008,-0.0013553038108641005,-0.022356033335923287,-0.005972941176668134,-0.016383092159255153,-0.037444978298401675,-0.015211294316776813,0.007965598264693036
kitti,yolo11x,motion_blur,1,area,1496,0.014363278419793013,0.00743670225894244,-0.0014420471245730785,0.007024317472612174,0.014365232078998685,0.00492954610681573,0.006570725955204693,-0.0016411798483889628,-0.01828104756098074,-0.0014931244128348897,0.016212752702552263
kitti,yolo11x,motion_blur,3,area,1496,0.014363278419793013,0.0053581534887996995,-0.0035897308928615327,0.0051425233789513525,0.013420192672597841,-0.015224019912834341,0.01664560802613302,-0.03186962793896736,-0.05400299160670758,-0.028819656909386926,0.007513511901009036
kitti,yolo11x,motion_blur,5,area,1496,0.014363278419793013,-0.011773213847153463,-0.017413176207880833,-0.011883809625130859,-0.0062663964509779395,-0.037059857200090085,0.007662535870762488,-0.04472239307085257,-0.06149081322663475,-0.043960853436163794,-0.027944303907840914
tt100k,yolo11m,fog,1,tt100k-height,3067,0.014298670587871265,0.00771834417581696,-0.010555196400649253,0.004857478653788494,0.02054998514642569,-0.001520336695331359,-0.0002565892934660585,-0.0012637474018653005,-0.032620008720559306,-0.005001641829588066,0.019827714032834752
tt100k,yolo11m,fog,3,tt100k-height,3067,0.014298670587871265,0.012811076169304991,-0.01183331090181064,0.006963212712340794,0.02393332830966884,-0.0032828808164122036,-0.008919603195740256,0.005636722379328052,-0.02568616498669631,0.002597237542243336,0.03161650685410283
tt100k,yolo11m,fog,5,tt100k-height,3067,0.014298670587871265,0.01589452101035127,-0.008800715650330488,0.012591672018328004,0.031386493376111116,0.0067156017330397,0.012169843217728404,-0.005454241484688704,-0.03879010169850923,-0.00615284533806057,0.027821385254633135
tt100k,yolo11m,gaussian_noise,1,tt100k-height,3067,0.014298670587871265,0.028174947919689886,0.004850246759137223,0.022722382417382392,0.04151532198321364,1.9155321767605482e-05,0.013690164063852261,-0.013671008742084656,-0.0436161733951067,-0.010945749598686522,0.021225407801233047
tt100k,yolo11m,gaussian_noise,3,tt100k-height,3067,0.014298670587871265,0.014510051517243439,-0.0014910694948197314,0.0147512136696413,0.031371295980362215,0.010170239257507041,-0.0017888820973632757,0.011959121354870317,-0.027627316502254987,0.006600127577824189,0.04036990709218304
tt100k,yolo11m,gaussian_noise,5,tt100k-height,3067,0.014298670587871265,-0.012058136704369726,-0.027704641593512557,-0.012868265164746928,0.002531374674802491,-0.046130116435420254,-0.011520467712029636,-0.03460964872339062,-0.06772343137811974,-0.03902763377987839,-0.01249994363147818
tt100k,yolo11m,jpeg,1,tt100k-height,3067,0.014298670587871265,0.00925688155889448,-0.00586457102736439,0.00938476926765519,0.023767986534616356,-0.009341558694751173,0.007249632894070102,-0.016591191588821275,-0.04336009235484856,-0.016342440014105314,0.012871860431299221
tt100k,yolo11m,jpeg,3,tt100k-height,3067,0.014298670587871265,0.006701178171537037,-0.012357805286355768,0.003965445151472791,0.01954319421398075,-0.017802722529271786,0.0023769407122878894,-0.020179663241559676,-0.05318541449088673,-0.023044113104722014,0.007420896640550643
tt100k,yolo11m,jpeg,5,tt100k-height,3067,0.014298670587871265,-0.029030642271261453,-0.04595985849904152,-0.022715980652125517,0.0014218027438030524,-0.02876875458442346,-0.03854930586221594,0.009780551277792482,-0.05247494344621316,-0.009624382265950054,0.02927488768832123
tt100k,yolo11m,motion_blur,1,tt100k-height,3067,0.014298670587871265,0.0030569270394965042,-0.01678952662198432,0.002325005396302482,0.021140023904122417,-0.016838794953001612,-0.012186888513407879,-0.004651906439593734,-0.03921520470549419,-0.003174266647695656,0.0327313647741818
tt100k,yolo11m,motion_blur,3,tt100k-height,3067,0.014298670587871265,0.0037072248680157793,-0.01658485525976702,0.0011511600044876447,0.019847613864759667,-0.037706550190625965,0.00806602267207257,-0.045772572862698535,-0.07689002163095375,-0.04598432254245399,-0.015301273468190869
tt100k,yolo11m,motion_blur,5,tt100k-height,3067,0.014298670587871265,-0.002567356616060057,-0.01788334373539018,-0.0019666486553360785,0.013446207584813099,-0.03881745444123674,0.00040514934586999285,-0.039222603787106736,-0.07222688171239983,-0.04480532107422225,-0.018105946782993865
tt100k,yolo11n,fog,1,tt100k-height,3067,0.01117859619719963,0.00801853025096036,-0.004000785137926288,0.006876960154075046,0.017660028348982656,0.01665063168822517,0.011541373292917267,0.005109258395307903,-0.030427139275919023,0.004526517171732483,0.035904178827737464
tt100k,yolo11n,fog,3,tt100k-height,3067,0.01117859619719963,0.002776599724548301,-0.00973383478446915,0.0022719321242015145,0.014860011712583523,0.016955808349995466,0.0061772317171910895,0.010778576632804376,-0.023719183717998173,0.007625656048658613,0.037378642488637884
tt100k,yolo11n,fog,5,tt100k-height,3067,0.01117859619719963,-0.0010453715041746359,-0.009392428514663492,0.0018369153644270941,0.01274930610751209,7.865032350506951e-05,0.00737967230249198,-0.00730102197898691,-0.04486905284750654,-0.011712052548605231,0.02070973670193993
tt100k,yolo11n,gaussian_noise,1,tt100k-height,3067,0.01117859619719963,0.002635317268310039,-0.008932723545782117,0.003928604388730633,0.017022725925728146,0.023465183695433878,0.013038655154153922,0.010426528541279956,-0.026142823615122723,0.006534773354957751,0.03796150445416137
tt100k,yolo11n,gaussian_noise,3,tt100k-height,3067,0.01117859619719963,0.0025612391621026576,-0.007012055136218385,0.005435121885448438,0.017272624215524255,0.002981846884449052,0.0175616318041793,-0.014579784919730249,-0.04556762539562936,-0.015868661857645128,0.016996375932893614
tt100k,yolo11n,gaussian_noise,5,tt100k-height,3067,0.01117859619719963,-0.00717035114529932,-0.01894664050368709,-0.006994722640442735,0.00482604155871692,0.007062001346576502,0.0006147878834078524,0.0064472134631686495,-0.025118390417508206,0.007470660048289987,0.03764984886965142
tt100k,yolo11n,jpeg,1,tt100k-height,3067,0.01117859619719963,-0.0009847194367325063,-0.008772207944396362,0.0016335808609121427,0.012767355312460888,0.005353390407112052,0.005236192263039674,0.00011719814407237794,-0.02383971733384226,0.0016221123084843997,0.026769319992124275
tt100k,yolo11n,jpeg,3,tt100k-height,3067,0.01117859619719963,0.016604830811476456,0.0023523919091738067,0.014514983451529212,0.027460657830346062,0.011687607702001557,0.020308450864177874,-0.008620843162176317,-0.040683401735915795,-0.006718569767145674,0.024784322074493655
tt100k,yolo11n,jpeg,5,tt100k-height,3067,0.01117859619719963,0.011385071474990932,-0.003922285419899507,0.009957204058928484,0.023734245351237207,0.013375777322995192,0.027227331666921206,-0.013851554343926015,-0.041052789894125606,-0.007075238810191467,0.02556440022363233
tt100k,yolo11n,motion_blur,1,tt100k-height,3067,0.01117859619719963,0.0032476448044797546,-0.008234382075352136,0.0035451826752963267,0.015866663453418955,0.009379149645240142,0.015340040876085759,-0.005960891230845616,-0.04353882809055182,-0.007839342752507208,0.025908176646404334
tt100k,yolo11n,motion_blur,3,tt100k-height,3067,0.01117859619719963,0.006197389821495314,-0.006565824120752845,0.006862751590614072,0.020928835313845272,0.005256611875893574,0.026937223183627457,-0.021680611307733882,-0.051017060413727465,-0.01998310822891708,0.008693559386907626
tt100k,yolo11n,motion_blur,5,tt100k-height,3067,0.01117859619719963,-0.0003006376566744018,-0.014841756024523027,-0.0027586805762522815,0.009430254870664274,0.0054551606627539495,0.014568539557920201,-0.009113378895166252,-0.0353659447072919,-0.004086659317456054,0.024514479728470994
tt100k,yolo11x,fog,1,tt100k-height,3067,0.0007932389405710394,0.014079910425416009,-0.002850630977372137,0.01116419961331283,0.026930766159510088,-0.0020168220881550125,0.012945461211048226,-0.014962283299203238,-0.03646480475492115,-0.010847299803788735,0.014892068799716994
tt100k,yolo11x,fog,3,tt100k-height,3067,0.0007932389405710394,0.007567995321042131,-0.010246648963413083,0.005588907300580315,0.020726340208644393,-0.0033234893524505815,0.01538559733715783,-0.018709086689608412,-0.03542142358892609,-0.011588385312834099,0.014581741627485736
tt100k,yolo11x,fog,5,tt100k-height,3067,0.0007932389405710394,0.017699699714283645,-0.0015003009386537701,0.014338948107823657,0.030381594667321914,0.007281776685347463,0.017082710837296733,-0.00980093415194927,-0.028472623888313675,-0.0049503057658153715,0.019846029804526547
tt100k,yolo11x,gaussian_noise,1,tt100k-height,3067,0.0007932389405710394,0.016987505356947263,-0.005313567058961519,0.015269505800612537,0.036264338507128555,0.01824320228691856,0.027232265100868402,-0.008989062813949844,-0.03438530175454571,0.0026287359216621287,0.04023162944667627
tt100k,yolo11x,gaussian_noise,3,tt100k-height,3067,0.0007932389405710394,0.020882826326473092,-0.00031624284775196986,0.0179807278921999,0.0356038426837003,0.01243107867578383,0.02392966082982967,-0.011498582154045839,-0.03960451513793359,-0.00782371536137684,0.023830281899228846
tt100k,yolo11x,gaussian_noise,5,tt100k-height,3067,0.0007932389405710394,0.0021357249429863057,-0.015082785636263765,-0.0014651447403971618,0.012387716145683297,-0.02988018492143918,0.011685567260845353,-0.04156575218228453,-0.05896762720066248,-0.03567673926633885,-0.011562137920585218
tt100k,yolo11x,jpeg,1,tt100k-height,3067,0.0007932389405710394,0.008409466224277184,-0.008458239692817008,0.005811902673975022,0.020354839564830876,-0.01935043072374093,0.014817868445701654,-0.034168299169442584,-0.053662488909514104,-0.02787446638820648,-0.003045421343846993
tt100k,yolo11x,jpeg,3,tt100k-height,3067,0.0007932389405710394,0.007149028808351221,-0.012162858443007992,0.004651702674401681,0.020181294907587244,-0.008077831835705818,0.018651171931395982,-0.0267290037671018,-0.04594507257336227,-0.01763156363475521,0.012593470688368068
tt100k,yolo11x,jpeg,5,tt100k-height,3067,0.0007932389405710394,0.00759815687640264,-0.011171724248755836,0.005568952650504583,0.021567999092933204,-0.0128689432927519,0.008520388511507382,-0.02138933180425928,-0.04872422129804427,-0.012931770129897241,0.025656965889964814
tt100k,yolo11x,motion_blur,1,tt100k-height,3067,0.0007932389405710394,0.011410257112612898,-0.006980875003034012,0.008340011392617086,0.02463366492293968,-0.02241016307922994,0.015233539203629798,-0.03764370228285974,-0.0627180402183,-0.03261273242816029,-0.0017914072117210052
tt100k,yolo11x,motion_blur,3,tt100k-height,3067,0.0007932389405710394,0.0026701859891538615,-0.014216147295707266,0.0002479705182160119,0.016095778514286625,-0.028378653418100808,0.0034298518724523164,-0.031808505290553124,-0.054855074838706504,-0.02902854972710897,-0.002328618956843149
tt100k,yolo11x,motion_blur,5,tt100k-height,3067,0.0007932389405710394,-0.00031615192122413927,-0.016579390444211972,-0.003640930179332258,0.00961564410812769,-0.03212134906459857,0.004335904772882038,-0.03645725383748061,-0.053943824619326536,-0.03182067280117973,-0.0086772338595711
voc,yolo11m,fog,1,area,4952,0.01696877924064777,0.0001853652847726428,-0.0023799799823772975,0.0002134983012814784,0.002752226208531981,0.002527639306174667,0.001051835582197569,0.0014758037239770982,-0.04553641217901413,-0.012085865437947041,0.02407600715539275
voc,yolo11m,fog,3,area,4952,0.01696877924064777,-0.00024302265173536952,-0.002863228736840401,-0.00018686466518980094,0.002451424659242234,-0.019991791928884006,-0.0015420956649159212,-0.018449696263968085,-0.040774050706510884,-0.0013647522775862564,0.029124461855640715
voc,yolo11m,fog,5,area,4952,0.01696877924064777,-0.0009579876339083082,-0.003674133349681649,-0.000782498219912442,0.0020716206458891656,0.0019493497846979069,-0.0017783988322044308,0.0037277486169023377,-0.042580002548633096,0.004837247014728985,0.04849613710920003
voc,yolo11m,gaussian_noise,1,area,4952,0.01696877924064777,0.0011835298944696815,-0.0019108845874888675,0.0011128979649733806,0.004310764460905616,0.013647891559533554,0.0017151685867943245,0.01193272297273923,-0.030315770247171386,0.00046023502596742594,0.03840714457846739
voc,yolo11m,gaussian_noise,3,area,4952,0.01696877924064777,-0.002304071011527409,-0.006197947527344314,-0.0022776476364390064,0.0016765149749337922,0.01505684463955928,0.0010279195769138383,0.014028925062645442,-0.026871099160606746,0.0012413003043146853,0.03789256829596691
voc,yolo11m,gaussian_noise,5,area,4952,0.01696877924064777,-0.013288181902823826,-0.016964049007109176,-0.013173831059761304,-0.009141910003559335,0.0036181035973422704,-0.007167612908566101,0.010785716505908371,-0.03917482692982141,0.006800993695683363,0.05140646721610179
voc,yolo11m,jpeg,1,area,4952,0.01696877924064777,-0.0017395162496499639,-0.004270948515500181,-0.0015535309294781863,0.0012686731650558565,-0.005472212425011058,-0.000378272112989797,-0.005093940312021261,-0.05020508178179689,-0.006145525427882437,0.03287256610815962
voc,yolo11m,jpeg,3,area,4952,0.01696877924064777,-0.007798203886876465,-0.011144265220593755,-0.007935968224451029,-0.004621770124600067,0.002307243445598739,-0.006797016305316261,0.009104259750915,-0.03903258974614681,0.006863926928014505,0.05184282260565585
voc,yolo11m,jpeg,5,area,4952,0.01696877924064777,-0.02729683168175323,-0.03126321526684109,-0.027231035228257733,-0.0227485887216364,-0.013892022765076756,-0.025090778966134097,0.011198756201057342,-0.03606370502916898,0.014035377340822275,0.06255782027327732
voc,yolo11m,motion_blur,1,area,4952,0.01696877924064777,-0.0024565263032176876,-0.006239321289497185,-0.0023610184228454734,0.001284478285208327,0.009734490285272707,0.0020956311060946753,0.007638859179178031,-0.044867467638868404,0.007003189756861775,0.06647352949690272
voc,yolo11m,motion_blur,3,area,4952,0.01696877924064777,-0.0033861875251590123,-0.007368566857262286,-0.003240032300796669,0.000966241387373573,-0.0016321147459844587,0.004986079313486547,-0.006618194059471005,-0.04809662656849495,-0.003975180072726042,0.03827155156832999
voc,yolo11m,motion_blur,5,area,4952,0.01696877924064777,-0.01089234538091699,-0.014075712696968164,-0.010460315836996581,-0.0069160167898315444,-0.003950128166517408,-0.0022614343865691167,-0.0016886937799482915,-0.04409129810950217,0.00024233409247859106,0.04188451085572807
voc,yolo11n,fog,1,area,4952,0.006779562236755687,0.0002299116099072629,-0.0026602610633893243,0.00037595322453654045,0.0033742820335691858,0.0115087797827233,-0.0005146138586311633,0.012023393641354463,-0.013338198284818362,0.007065403260842457,0.026080229185049958
voc,yolo11n,fog,3,area,4952,0.006779562236755687,0.0046285414334164,0.0013410887584355575,0.004783263414768868,0.008040447599656294,0.02925289934540698,0.003423041131288773,0.025829858214118206,-0.031234542588017073,0.004489507372996374,0.04795495472821944
voc,yolo11n,fog,5,area,4952,0.006779562236755687,0.0056258472586699915,0.002282455763617583,0.005852742788320542,0.009503433241655429,-0.011956591267329314,0.007570611677520711,-0.019527202944850025,-0.07320070140639513,-0.021421134601495223,0.029827961610761046
voc,yolo11n,gaussian_noise,1,area,4952,0.006779562236755687,0.004726102641715912,0.0011033570814601129,0.004872734759269082,0.008652652753988757,0.06715697586850569,0.004586299853832743,0.06257067601467295,-0.015690491586800345,0.03027571224924895,0.07324578618105008
voc,yolo11n,gaussian_noise,3,area,4952,0.006779562236755687,0.004779463300679243,0.00027364923941600037,0.005162194803392389,0.009804751014019225,0.006863543213799728,0.004548042877470904,0.002315500336328824,-0.02753261703172394,-0.0003889378248866232,0.029596400165699387
voc,yolo11n,gaussian_noise,5,area,4952,0.006779562236755687,-0.0010693195383970067,-0.005004734204710065,-0.0007793117074390565,0.0034546292962561354,0.02803250746408005,-0.0022411212485763388,0.03027362871265639,-0.017150769482561883,0.010800969494177082,0.04726147743994068
voc,yolo11n,jpeg,1,area,4952,0.006779562236755687,0.0046042548282904106,0.0013427977761026554,0.00463852956032873,0.007947453388221537,0.022186219069054547,0.00479955305558466,0.017386666013469887,-0.02754259810958839,0.00458885221579855,0.04353276335998889
voc,yolo11n,jpeg,3,area,4952,0.006779562236755687,0.0044236411605004244,0.0008272758719367363,0.004469654914056709,0.008247811816600606,0.05433989916885848,0.005488564053920619,0.04885133511493786,-0.018860406506397996,0.017962035831139436,0.05847807727894304
voc,yolo11n,jpeg,5,area,4952,0.006779562236755687,-0.0010292914292108768,-0.005464163727276097,-0.0006706244296759145,0.003904561589704803,0.006152341958308563,-1.3098736569017166e-05,0.00616544069487758,-0.053038711813469634,-0.009452849922289036,0.03318976594891288
voc,yolo11n,motion_blur,1,area,4952,0.006779562236755687,-0.002237822997317007,-0.006772226025285449,-0.0019724982722218454,0.002314603049343407,0.01629581432992397,0.0004920296329750107,0.015803784696948958,-0.02987385371523327,0.009391869848449155,0.05759250219238296
voc,yolo11n,motion_blur,3,area,4952,0.006779562236755687,0.012351899649953924,0.007957303206548675,0.012751495276462826,0.017500041438136736,0.01572745137910278,0.016089261574835367,-0.000361810195732587,-0.04735805298001202,-0.018217198613126484,0.02069621884073647
voc,yolo11n,motion_blur,5,area,4952,0.006779562236755687,3.966537863031583e-05,-0.003147347340536433,0.0006145282606903057,0.004468249513704975,0.020662959065221392,0.001038411104430259,0.019624547960791133,-0.02547184539510994,0.0012704754171289495,0.037988305904443166
voc,yolo11x,fog,1,area,4952,0.009132409020690457,0.0019825725281705786,-0.0004002423814659983,0.0019501637970429364,0.0042786363818920975,0.004407767937739948,0.003343246589284976,0.001064521348454972,-0.04983197562256323,-0.010253768485663867,0.027815343379451157
voc,yolo11x,fog,3,area,4952,0.009132409020690457,0.0018749248561036325,-0.000884916534148969,0.001806476501143628,0.004383221903065112,-0.008425996760156651,0.0023513765080742655,-0.010777373268230916,-0.06598182135711865,-0.014596484103102603,0.03592022918008356
voc,yolo11x,fog,5,area,4952,0.009132409020690457,0.0038269993297315175,0.0007325119507093164,0.003737481940752352,0.0067472416930822,-0.04353978389392338,0.00480960292971766,-0.04834938682364104,-0.07773060969237656,-0.034445722192372574,0.009455260818070436
voc,yolo11x,gaussian_noise,1,area,4952,0.009132409020690457,0.004091097012330014,0.0011799311725245788,0.004077917760059946,0.00702077388443492,-0.033138756733976815,0.0053502453108941195,-0.038489002044870935,-0.07948891122365809,-0.02898787992073623,0.020915306838519124
voc,yolo11x,gaussian_noise,3,area,4952,0.009132409020690457,0.008768552198619606,0.005173925912966368,0.008607745755785934,0.012148825683556288,-0.013846953669947037,0.009360045498132408,-0.023206999168079445,-0.07653691397003348,-0.023434552277790455,0.024285384266114648
voc,yolo11x,gaussian_noise,5,area,4952,0.009132409020690457,0.007972999134486625,0.003895950859807808,0.008182262663812973,0.012255904867560284,-0.055988578568113984,0.01149400417769647,-0.06748258274581045,-0.10002805624378504,-0.05194536061519266,-0.010592698640691667
voc,yolo11x,jpeg,1,area,4952,0.009132409020690457,-0.0002733286635354659,-0.002758100362025953,-0.0003442480318984753,0.002136537916085063,-0.042250261424634006,-0.0009428395177323301,-0.041307421906901676,-0.0670591717933377,-0.025916287515526076,0.004150365282479952
voc,yolo11x,jpeg,3,area,4952,0.009132409020690457,-0.0009281487752964557,-0.003993235064797737,-0.0009487948587506012,0.0021533618879269597,-0.03905618241112224,0.00016394611170622575,-0.03922012852282847,-0.06810708117663533,-0.026330701334481982,0.006675379851000499
voc,yolo11x,jpeg,5,area,4952,0.009132409020690457,-0.030962774108888702,-0.03547482544980305,-0.030951504314435524,-0.02650570495357471,-0.05189965274552108,-0.03574805149375204,-0.016151601251769038,-0.05212811075396185,0.0007686096323596681,0.049778501472004376
voc,yolo11x,motion_blur,1,area,4952,0.009132409020690457,0.0034315411969509935,-9.149197750364657e-05,0.0035914553292121787,0.0073693981413190425,-0.018725313435626417,0.005434111273550757,-0.024159424709177174,-0.08984944976821785,-0.02332942744159311,0.04240440015118189
voc,yolo11x,motion_blur,3,area,4952,0.009132409020690457,0.014765167333730733,0.01126674822575146,0.015368979207860789,0.019565270784215594,-0.04169687336651351,0.021111204624395363,-0.06280807799090887,-0.08985730142595963,-0.049482976119416516,-0.018659506433319872
voc,yolo11x,motion_blur,5,area,4952,0.009132409020690457,0.0019750789266341773,-0.0017340571695975359,0.001958872228109587,0.005578004900159123,-0.04215175201228005,0.005853241242528506,-0.04800499325480856,-0.07403860309916879,-0.03351553354715628,-0.0031001589418856315
